latitude,longitude,brightness,scan,track,acq_date,acq_time,satellite,instrument,confidence,version,bright_t31,frp,daynight
28.61403,79.957,367,0.36,0.58,2022-03-24,0705,1,VIIRS,h,2.0NRT,303.35,8.79,D
28.79206,79.9635,331.67,0.36,0.57,2022-03-24,0705,1,VIIRS,n,2.0NRT,300.91,1.61,D
28.84846,79.94648,337.63,0.36,0.57,2022-03-24,0705,1,VIIRS,n,2.0NRT,301.48,2.4,D
28.84763,79.94289,332.92,0.36,0.57,2022-03-24,0705,1,VIIRS,n,2.0NRT,302.27,2.4,D
28.86965,79.8942,338.6,0.36,0.58,2022-03-24,0705,1,VIIRS,n,2.0NRT,300.07,5.67,D
28.66042,77.79952,331.86,0.49,0.65,2022-03-24,0705,1,VIIRS,n,2.0NRT,302.43,2.37,D
29.3551,79.28832,343.36,0.38,0.59,2022-03-24,0705,1,VIIRS,n,2.0NRT,301.16,4.05,D
29.38887,79.27434,331.43,0.38,0.59,2022-03-24,0705,1,VIIRS,n,2.0NRT,301.12,2.51,D
29.52935,79.69786,328.55,0.36,0.57,2022-03-24,0705,1,VIIRS,l,2.0NRT,299.15,2.86,D
28.41868,79.92165,332.72,0.37,0.58,2022-03-24,0705,1,VIIRS,n,2.0NRT,300.21,3.79,D
29.67305,79.35035,330.22,0.38,0.58,2022-03-24,0705,1,VIIRS,n,2.0NRT,297.88,2.75,D
28.9949,76.35761,346.77,0.58,0.7,2022-03-24,0705,1,VIIRS,n,2.0NRT,301.82,8.05,D
29.45536,76.86613,367,0.53,0.67,2022-03-24,0705,1,VIIRS,h,2.0NRT,301.61,18.27,D
29.72617,77.64744,335.01,0.47,0.64,2022-03-24,0705,1,VIIRS,n,2.0NRT,299.08,3.51,D
29.76565,77.78017,335.18,0.46,0.64,2022-03-24,0705,1,VIIRS,n,2.0NRT,300.77,3.31,D
29.72549,77.64699,334.95,0.47,0.64,2022-03-24,0705,1,VIIRS,n,2.0NRT,298.66,4.08,D
29.7658,77.77931,336.17,0.46,0.64,2022-03-24,0705,1,VIIRS,n,2.0NRT,300.93,3.91,D
26.42691,79.79826,335.34,0.68,0.74,2022-03-24,0845,1,VIIRS,n,2.0NRT,299.55,4,D
28.45391,79.97808,331.59,0.72,0.76,2022-03-24,0845,1,VIIRS,n,2.0NRT,297.72,8.93,D
28.45201,79.97678,331.28,0.72,0.76,2022-03-24,0845,1,VIIRS,n,2.0NRT,298.15,10.09,D
28.72656,77.12125,331.34,0.49,0.65,2022-03-24,0845,1,VIIRS,n,2.0NRT,303.11,9.81,D
28.73257,77.12081,367,0.49,0.65,2022-03-24,0845,1,VIIRS,h,2.0NRT,305.02,9.81,D
28.72886,77.12273,367,0.49,0.65,2022-03-24,0845,1,VIIRS,h,2.0NRT,302.46,13.68,D
28.72856,77.11768,351.76,0.49,0.65,2022-03-24,0845,1,VIIRS,n,2.0NRT,305.17,12.41,D
29.45742,76.87345,367,0.48,0.64,2022-03-24,0845,1,VIIRS,h,2.0NRT,300.11,21.48,D
29.45709,76.86848,347.35,0.48,0.64,2022-03-24,0845,1,VIIRS,n,2.0NRT,304.04,21.48,D
29.45455,76.87166,333.9,0.48,0.64,2022-03-24,0845,1,VIIRS,n,2.0NRT,301.23,23.47,D
29.46051,76.87119,367,0.48,0.64,2022-03-24,0845,1,VIIRS,h,2.0NRT,301.45,23.47,D
29.46021,76.86623,333.16,0.48,0.64,2022-03-24,0845,1,VIIRS,n,2.0NRT,300.88,24.24,D
29.75617,79.69917,300.63,0.4,0.6,2022-03-24,2110,1,VIIRS,n,2.0NRT,284.71,0.85,N
29.46156,76.86526,320.61,0.55,0.51,2022-03-24,2110,1,VIIRS,n,2.0NRT,292.25,5.03,N
29.46033,76.87077,334.78,0.55,0.51,2022-03-24,2110,1,VIIRS,n,2.0NRT,292.11,5.66,N
28.40425,76.70613,310.74,0.57,0.52,2022-03-24,2110,1,VIIRS,n,2.0NRT,288.56,1.61,N
28.03518,77.18362,309.78,0.62,0.54,2022-03-24,2110,1,VIIRS,n,2.0NRT,290.83,1.92,N
28.03641,77.18884,308.08,0.62,0.54,2022-03-24,2110,1,VIIRS,n,2.0NRT,290.41,1.37,N
27.67011,76.12918,305.07,0.54,0.51,2022-03-24,2110,1,VIIRS,n,2.0NRT,292.61,1.21,N
28.6782,79.43649,333.79,0.74,0.76,2022-03-25,0646,1,VIIRS,n,2.0NRT,302.13,5.4,D
27.47304,76.00329,354.71,0.41,0.45,2022-03-25,0826,1,VIIRS,n,2.0NRT,314.54,14.04,D
28.37119,79.95293,335.15,0.37,0.58,2022-03-25,0826,1,VIIRS,n,2.0NRT,304.37,3.46,D
28.37088,79.94914,330.62,0.37,0.58,2022-03-25,0826,1,VIIRS,l,2.0NRT,303.9,3.46,D
28.37058,79.94537,354.06,0.37,0.58,2022-03-25,0826,1,VIIRS,n,2.0NRT,305.24,4.14,D
28.37028,79.94165,330.1,0.37,0.58,2022-03-25,0826,1,VIIRS,n,2.0NRT,304.68,4.14,D
28.38187,79.9519,345.77,0.37,0.58,2022-03-25,0826,1,VIIRS,n,2.0NRT,305.42,4.47,D
28.40543,79.97634,339.76,0.37,0.58,2022-03-25,0826,1,VIIRS,n,2.0NRT,304.8,6.43,D
28.41141,79.98342,341.68,0.37,0.58,2022-03-25,0826,1,VIIRS,n,2.0NRT,304.81,4.29,D
28.4218,79.97864,346.05,0.37,0.58,2022-03-25,0826,1,VIIRS,n,2.0NRT,305.64,3.39,D
28.40944,79.98406,340.49,0.37,0.58,2022-03-25,0826,1,VIIRS,n,2.0NRT,304.85,3.47,D
28.40887,79.97647,335.07,0.37,0.58,2022-03-25,0826,1,VIIRS,n,2.0NRT,304.25,6.57,D
28.40858,79.97269,335.67,0.37,0.58,2022-03-25,0826,1,VIIRS,n,2.0NRT,304.91,3.87,D
28.41987,79.97926,332.62,0.37,0.58,2022-03-25,0826,1,VIIRS,n,2.0NRT,305.06,1.63,D
28.42522,79.97872,334.65,0.37,0.58,2022-03-25,0826,1,VIIRS,n,2.0NRT,304.11,2.15,D
28.44217,79.98854,347.75,0.37,0.58,2022-03-25,0826,1,VIIRS,n,2.0NRT,303.78,3.62,D
28.44694,79.98045,345.61,0.37,0.58,2022-03-25,0826,1,VIIRS,n,2.0NRT,304.96,4.37,D
28.55222,79.9754,339.53,0.37,0.58,2022-03-25,0826,1,VIIRS,n,2.0NRT,302.65,4.43,D
28.55847,79.98632,347.51,0.37,0.58,2022-03-25,0826,1,VIIRS,n,2.0NRT,303.02,3.44,D
28.55817,79.98252,334.85,0.37,0.58,2022-03-25,0826,1,VIIRS,n,2.0NRT,302.1,3.44,D
28.55788,79.97871,345.34,0.37,0.58,2022-03-25,0826,1,VIIRS,n,2.0NRT,302.3,4.43,D
28.55758,79.97491,352.34,0.37,0.58,2022-03-25,0826,1,VIIRS,n,2.0NRT,303.28,4.43,D
28.41883,78.05931,340.75,0.56,0.52,2022-03-25,0826,1,VIIRS,n,2.0NRT,304.94,4.3,D
28.66451,79.98847,367,0.37,0.58,2022-03-25,0826,1,VIIRS,h,2.0NRT,304.53,11.22,D
28.66421,79.98464,336.94,0.37,0.58,2022-03-25,0826,1,VIIRS,n,2.0NRT,302.96,8.92,D
28.73879,79.96998,334.44,0.37,0.58,2022-03-25,0826,1,VIIRS,n,2.0NRT,305.16,1.96,D
28.73624,79.96963,330.43,0.37,0.58,2022-03-25,0826,1,VIIRS,l,2.0NRT,305.13,1,D
28.78487,79.96874,330.15,0.37,0.58,2022-03-25,0826,1,VIIRS,n,2.0NRT,304.59,1.94,D
28.79024,79.96821,335.55,0.37,0.58,2022-03-25,0826,1,VIIRS,n,2.0NRT,302.7,1.94,D
29.32118,79.24977,332.17,0.34,0.56,2022-03-25,0828,1,VIIRS,l,2.0NRT,303.34,3.26,D
29.3021,78.88413,332.06,0.32,0.55,2022-03-25,0828,1,VIIRS,n,2.0NRT,303.87,1.74,D
29.43213,79.11512,351.62,0.33,0.56,2022-03-25,0828,1,VIIRS,n,2.0NRT,304.36,2.67,D
29.43185,79.11172,330.77,0.33,0.56,2022-03-25,0828,1,VIIRS,l,2.0NRT,303.18,2.67,D
29.43699,79.11127,333.99,0.33,0.56,2022-03-25,0828,1,VIIRS,l,2.0NRT,304.2,4.99,D
29.39619,78.00213,341.19,0.57,0.52,2022-03-25,0828,1,VIIRS,n,2.0NRT,303.14,15,D
29.55313,78.02762,332.02,0.58,0.52,2022-03-25,0828,1,VIIRS,l,2.0NRT,304.47,2,D
29.75355,79.69753,330.7,0.37,0.58,2022-03-25,0828,1,VIIRS,n,2.0NRT,299.23,5.74,D
29.74592,79.2641,331.49,0.34,0.56,2022-03-25,0828,1,VIIRS,l,2.0NRT,302.79,2.72,D
29.53679,76.65593,339.91,0.48,0.48,2022-03-25,0828,1,VIIRS,n,2.0NRT,304.63,4.89,D
29.81127,79.2299,340,0.34,0.56,2022-03-25,0828,1,VIIRS,n,2.0NRT,305.11,1.99,D
29.82036,78.92532,335.75,0.33,0.55,2022-03-25,0828,1,VIIRS,n,2.0NRT,304.5,4.43,D
29.91511,79.33298,330.81,0.35,0.57,2022-03-25,0828,1,VIIRS,l,2.0NRT,300.95,2.51,D
29.82831,79.94814,299.92,0.43,0.46,2022-03-25,2053,1,VIIRS,n,2.0NRT,286.62,0.92,N
29.83517,79.66644,295.71,0.42,0.45,2022-03-25,2053,1,VIIRS,n,2.0NRT,283.25,0.42,N
29.91,79.21712,295.87,0.39,0.44,2022-03-25,2053,1,VIIRS,n,2.0NRT,285.22,0.48,N
29.75449,79.71036,295.52,0.42,0.45,2022-03-25,2053,1,VIIRS,n,2.0NRT,284.9,0.95,N
29.82713,78.91636,297.52,0.57,0.43,2022-03-25,2053,1,VIIRS,n,2.0NRT,285.58,0.99,N
29.53686,79.86628,297.27,0.44,0.46,2022-03-25,2053,1,VIIRS,n,2.0NRT,286.42,0.36,N
29.68622,78.27448,300.99,0.53,0.42,2022-03-25,2053,1,VIIRS,n,2.0NRT,286.87,0.4,N
29.68243,78.27351,297.97,0.53,0.42,2022-03-25,2053,1,VIIRS,n,2.0NRT,287.78,0.4,N
29.43305,79.44135,301.4,0.41,0.45,2022-03-25,2053,1,VIIRS,n,2.0NRT,286.58,1.02,N
29.38579,79.23962,302.41,0.4,0.45,2022-03-25,2053,1,VIIRS,n,2.0NRT,292.02,1.42,N
29.38492,79.24386,304.03,0.4,0.45,2022-03-25,2053,1,VIIRS,n,2.0NRT,292.4,2.07,N
29.3654,79.25648,315.42,0.41,0.45,2022-03-25,2053,1,VIIRS,n,2.0NRT,291.62,1.21,N
29.36456,79.26052,303.58,0.41,0.45,2022-03-25,2053,1,VIIRS,n,2.0NRT,290.62,1.21,N
29.22164,79.58511,306.39,0.43,0.46,2022-03-25,2053,1,VIIRS,n,2.0NRT,292.39,1.01,N
29.22085,79.58894,303.87,0.43,0.46,2022-03-25,2053,1,VIIRS,n,2.0NRT,292.98,1.08,N
29.008,79.82767,300.85,0.44,0.46,2022-03-25,2053,1,VIIRS,n,2.0NRT,288.92,0.64,N
28.94526,79.64587,301.78,0.43,0.46,2022-03-25,2053,1,VIIRS,n,2.0NRT,291.38,0.49,N
28.86936,79.98233,302.28,0.45,0.47,2022-03-25,2053,1,VIIRS,n,2.0NRT,291.6,1.45,N
28.94248,79.61766,304.17,0.43,0.46,2022-03-25,2053,1,VIIRS,n,2.0NRT,291.15,0.64,N
28.87126,79.97971,301.14,0.45,0.47,2022-03-25,2053,1,VIIRS,n,2.0NRT,290.55,0.72,N
28.94112,79.61848,307.69,0.43,0.46,2022-03-25,2053,1,VIIRS,n,2.0NRT,292.25,2.33,N
28.8586,79.97629,300.42,0.45,0.47,2022-03-25,2053,1,VIIRS,n,2.0NRT,290.21,0.49,N
29.45942,76.86691,339.67,0.46,0.39,2022-03-25,2053,1,VIIRS,n,2.0NRT,296.07,9.42,N
28.84455,79.95812,301.67,0.45,0.47,2022-03-25,2053,1,VIIRS,n,2.0NRT,291.56,1.09,N
29.04092,78.95814,299.85,0.4,0.44,2022-03-25,2053,1,VIIRS,n,2.0NRT,289.76,0.47,N
28.62902,79.95811,302.43,0.46,0.47,2022-03-25,2053,1,VIIRS,n,2.0NRT,291.32,1.52,N
28.57004,79.96162,303.72,0.46,0.47,2022-03-25,2053,1,VIIRS,n,2.0NRT,291.93,1.01,N
28.5658,79.96048,308.89,0.46,0.47,2022-03-25,2053,1,VIIRS,n,2.0NRT,291.78,1.01,N
28.45284,79.99561,316.13,0.46,0.47,2022-03-25,2053,1,VIIRS,n,2.0NRT,293.48,2.42,N
28.74646,77.31979,312.9,0.5,0.41,2022-03-25,2053,1,VIIRS,n,2.0NRT,293.44,1.14,N
28.74383,77.32192,305.35,0.5,0.41,2022-03-25,2053,1,VIIRS,n,2.0NRT,292.59,0.66,N
28.57484,76.3124,308.95,0.45,0.39,2022-03-25,2053,1,VIIRS,n,2.0NRT,291.76,1.48,N
27.66953,76.12933,314.21,0.45,0.39,2022-03-25,2053,1,VIIRS,n,2.0NRT,296.33,1.85,N
26.81694,76.99667,304.44,0.51,0.41,2022-03-25,2053,1,VIIRS,n,2.0NRT,289.7,0.58,N
26.40156,79.8447,346.99,0.54,0.42,2022-03-26,0807,1,VIIRS,n,2.0NRT,313.79,11.88,D
26.2843,77.77257,340.37,0.43,0.38,2022-03-26,0807,1,VIIRS,l,2.0NRT,314.51,5.21,D
27.85007,77.56277,344.51,0.44,0.38,2022-03-26,0807,1,VIIRS,n,2.0NRT,315.71,7.46,D
28.26899,79.49124,334.38,0.54,0.42,2022-03-26,0807,1,VIIRS,n,2.0NRT,308.4,1.82,D
28.3465,79.96384,343.27,0.57,0.43,2022-03-26,0807,1,VIIRS,n,2.0NRT,307.61,5.47,D
28.34983,79.95742,334.96,0.57,0.43,2022-03-26,0807,1,VIIRS,l,2.0NRT,306.79,5.47,D
28.34917,79.95158,336.67,0.57,0.43,2022-03-26,0807,1,VIIRS,n,2.0NRT,306.12,4.44,D
28.41266,79.9753,333.36,0.38,0.43,2022-03-26,0807,1,VIIRS,l,2.0NRT,307.33,3.95,D
28.17367,77.96983,333.93,0.46,0.39,2022-03-26,0807,1,VIIRS,l,2.0NRT,306.03,2.69,D
28.41474,79.97556,339.64,0.38,0.43,2022-03-26,0807,1,VIIRS,n,2.0NRT,307.78,4.4,D
28.5776,79.96434,349.54,0.38,0.43,2022-03-26,0807,1,VIIRS,n,2.0NRT,305.5,4.73,D
28.5816,79.96378,340.86,0.38,0.43,2022-03-26,0807,1,VIIRS,n,2.0NRT,304.99,4.73,D
28.58116,79.95985,335.79,0.38,0.43,2022-03-26,0807,1,VIIRS,n,2.0NRT,303.51,4.91,D
28.62957,79.95696,341.28,0.38,0.43,2022-03-26,0807,1,VIIRS,n,2.0NRT,306.66,6.54,D
28.63148,79.95731,346.25,0.38,0.44,2022-03-26,0807,1,VIIRS,n,2.0NRT,307.41,6.85,D
28.66572,79.93645,342.38,0.38,0.43,2022-03-26,0807,1,VIIRS,n,2.0NRT,304.61,4.7,D
28.66529,79.93253,330.04,0.38,0.43,2022-03-26,0807,1,VIIRS,l,2.0NRT,304,2.48,D
28.67416,79.93924,334.08,0.38,0.43,2022-03-26,0807,1,VIIRS,n,2.0NRT,305.53,2.74,D
28.67815,79.93867,340.92,0.38,0.43,2022-03-26,0807,1,VIIRS,n,2.0NRT,304.23,2.74,D
28.67771,79.93474,334.69,0.38,0.43,2022-03-26,0807,1,VIIRS,n,2.0NRT,304.31,2.74,D
28.72264,79.97247,335.12,0.39,0.44,2022-03-26,0807,1,VIIRS,n,2.0NRT,307.35,2.77,D
28.72664,79.9719,340.26,0.39,0.44,2022-03-26,0807,1,VIIRS,n,2.0NRT,306.39,3.96,D
28.72348,79.9443,336.77,0.38,0.44,2022-03-26,0807,1,VIIRS,n,2.0NRT,306.38,3.57,D
28.78945,79.9379,348.33,0.39,0.44,2022-03-26,0807,1,VIIRS,n,2.0NRT,305.73,5.35,D
28.79345,79.93732,333.79,0.39,0.44,2022-03-26,0807,1,VIIRS,n,2.0NRT,303.29,5.35,D
28.90327,79.99486,343.08,0.39,0.44,2022-03-26,0807,1,VIIRS,n,2.0NRT,303.93,5.8,D
28.91309,79.65508,332.61,0.56,0.43,2022-03-26,0807,1,VIIRS,n,2.0NRT,305.04,4.12,D
28.92651,79.63931,338.86,0.56,0.43,2022-03-26,0807,1,VIIRS,n,2.0NRT,304.11,5.31,D
28.71927,77.7399,334.79,0.45,0.39,2022-03-26,0807,1,VIIRS,l,2.0NRT,309.59,3.53,D
29.0088,79.83411,331.58,0.57,0.43,2022-03-26,0807,1,VIIRS,l,2.0NRT,303.64,10.51,D
29.02302,79.6077,336.74,0.56,0.43,2022-03-26,0807,1,VIIRS,n,2.0NRT,304.7,4.63,D
29.02233,79.60627,334.86,0.56,0.43,2022-03-26,0807,1,VIIRS,n,2.0NRT,304.3,3.25,D
29.03946,79.58051,340.79,0.56,0.43,2022-03-26,0807,1,VIIRS,n,2.0NRT,306.88,5.88,D
28.75854,77.0173,334.53,0.43,0.38,2022-03-26,0807,1,VIIRS,n,2.0NRT,306.07,1.9,D
29.05078,79.03362,335.73,0.52,0.42,2022-03-26,0807,1,VIIRS,l,2.0NRT,308.21,3.09,D
29.16716,79.44355,334.76,0.55,0.43,2022-03-26,0807,1,VIIRS,l,2.0NRT,305.43,5.02,D
29.16652,79.43796,349.46,0.55,0.43,2022-03-26,0807,1,VIIRS,n,2.0NRT,308.2,5.02,D
29.21015,79.43716,339.43,0.55,0.43,2022-03-26,0807,1,VIIRS,n,2.0NRT,306.49,4.98,D
29.20949,79.43157,335.07,0.55,0.43,2022-03-26,0807,1,VIIRS,n,2.0NRT,306.38,4.98,D
29.21012,79.43452,344.67,0.55,0.43,2022-03-26,0807,1,VIIRS,n,2.0NRT,306.11,8.82,D
28.86412,76.32691,339.76,0.41,0.37,2022-03-26,0807,1,VIIRS,l,2.0NRT,311.1,5.42,D
28.88234,76.40904,333.76,0.41,0.37,2022-03-26,0807,1,VIIRS,n,2.0NRT,306.91,1.37,D
29.25794,78.90728,332.64,0.52,0.41,2022-03-26,0807,1,VIIRS,l,2.0NRT,304.42,2.64,D
29.34077,79.15256,336.46,0.53,0.42,2022-03-26,0807,1,VIIRS,n,2.0NRT,308.98,5.38,D
29.35786,79.2664,334.3,0.54,0.42,2022-03-26,0807,1,VIIRS,n,2.0NRT,304.1,4.71,D
29.34082,79.11926,336.37,0.53,0.42,2022-03-26,0807,1,VIIRS,l,2.0NRT,310.61,4.84,D
29.12746,77.38417,334.13,0.44,0.39,2022-03-26,0807,1,VIIRS,n,2.0NRT,305.32,3.38,D
29.38567,79.26809,336.08,0.54,0.42,2022-03-26,0807,1,VIIRS,l,2.0NRT,307.07,3.33,D
29.54508,79.68357,343.91,0.57,0.43,2022-03-26,0807,1,VIIRS,n,2.0NRT,310.35,7.25,D
29.47661,78.57562,331.83,0.5,0.41,2022-03-26,0807,1,VIIRS,l,2.0NRT,305.36,2.84,D
29.21258,76.22043,344.98,0.41,0.37,2022-03-26,0807,1,VIIRS,n,2.0NRT,304.97,6.4,D
29.72751,79.94408,335.56,0.4,0.44,2022-03-26,0807,1,VIIRS,n,2.0NRT,303.96,2.72,D
29.72139,79.7748,334.94,0.39,0.44,2022-03-26,0807,1,VIIRS,n,2.0NRT,300.42,3.23,D
29.7209,79.7703,341.71,0.39,0.44,2022-03-26,0807,1,VIIRS,n,2.0NRT,300.11,3.23,D
29.72547,79.77483,331.98,0.39,0.44,2022-03-26,0807,1,VIIRS,l,2.0NRT,302.14,3.23,D
29.70911,79.3776,341.76,0.55,0.43,2022-03-26,0807,1,VIIRS,n,2.0NRT,311.47,8.23,D
29.75147,79.71619,337.26,0.38,0.44,2022-03-26,0807,1,VIIRS,n,2.0NRT,304.18,3.76,D
29.74926,79.69657,331.54,0.38,0.43,2022-03-26,0807,1,VIIRS,l,2.0NRT,306,3.48,D
29.77918,79.29421,338.79,0.55,0.43,2022-03-26,0807,1,VIIRS,n,2.0NRT,306.4,7.63,D
29.83006,79.67709,331.69,0.38,0.43,2022-03-26,0807,1,VIIRS,n,2.0NRT,299.37,2.1,D
29.63405,77.9139,341.17,0.47,0.4,2022-03-26,0807,1,VIIRS,n,2.0NRT,308.02,18.98,D
29.72856,78.4987,334.98,0.5,0.41,2022-03-26,0807,1,VIIRS,n,2.0NRT,304.53,3.27,D
29.66802,78.00762,335.26,0.47,0.4,2022-03-26,0807,1,VIIRS,n,2.0NRT,307.8,10.13,D
29.73164,78.46149,333.35,0.5,0.41,2022-03-26,0807,1,VIIRS,n,2.0NRT,304.76,1.52,D
29.99503,77.12959,330.76,0.44,0.38,2022-03-26,0807,1,VIIRS,l,2.0NRT,305.02,2.97,D
29.7135,79.77856,300.16,0.4,0.37,2022-03-26,2032,1,VIIRS,n,2.0NRT,287.82,1.1,N
29.89944,79.42779,297.53,0.39,0.36,2022-03-26,2032,1,VIIRS,n,2.0NRT,286.8,0.3,N
29.7976,79.72421,296.66,0.4,0.37,2022-03-26,2032,1,VIIRS,n,2.0NRT,286.6,0.61,N
29.7969,79.72831,300.29,0.4,0.37,2022-03-26,2032,1,VIIRS,n,2.0NRT,287.39,0.57,N
29.75864,79.71667,304.73,0.4,0.37,2022-03-26,2032,1,VIIRS,n,2.0NRT,287.61,0.78,N
29.75127,79.71934,299.23,0.4,0.37,2022-03-26,2032,1,VIIRS,n,2.0NRT,288.09,0.67,N
29.74794,79.71862,306.3,0.4,0.37,2022-03-26,2032,1,VIIRS,n,2.0NRT,288.11,0.91,N
29.71891,79.76714,299.72,0.4,0.37,2022-03-26,2032,1,VIIRS,n,2.0NRT,288.07,0.49,N
29.7536,79.54266,300.91,0.4,0.37,2022-03-26,2032,1,VIIRS,n,2.0NRT,287.65,0.6,N
29.71562,79.76615,302.38,0.4,0.37,2022-03-26,2032,1,VIIRS,n,2.0NRT,287.67,0.49,N
29.70873,79.78619,302.72,0.4,0.37,2022-03-26,2032,1,VIIRS,n,2.0NRT,288.14,0.77,N
29.70059,79.79323,301.92,0.4,0.37,2022-03-26,2032,1,VIIRS,n,2.0NRT,288.04,0.81,N
29.75608,79.22425,298.42,0.39,0.36,2022-03-26,2032,1,VIIRS,n,2.0NRT,287.39,0.71,N
29.61404,79.37994,298.33,0.39,0.37,2022-03-26,2032,1,VIIRS,n,2.0NRT,287.23,0.82,N
29.53302,79.77863,299.58,0.4,0.37,2022-03-26,2032,1,VIIRS,n,2.0NRT,286.94,0.73,N
29.50664,79.34917,300.81,0.39,0.37,2022-03-26,2032,1,VIIRS,n,2.0NRT,288.06,0.64,N
29.36628,79.24748,302.9,0.39,0.36,2022-03-26,2032,1,VIIRS,n,2.0NRT,292.39,0.91,N
29.34764,79.27664,305.47,0.39,0.36,2022-03-26,2032,1,VIIRS,n,2.0NRT,291.9,0.55,N
28.82635,79.93233,301.99,0.41,0.37,2022-03-26,2032,1,VIIRS,n,2.0NRT,291.63,1,N
28.81189,79.95502,302.2,0.41,0.37,2022-03-26,2032,1,VIIRS,n,2.0NRT,291.35,0.45,N
28.78736,77.15849,313.78,0.39,0.36,2022-03-26,2034,1,VIIRS,n,2.0NRT,291.85,1.05,N
27.66776,76.12822,314.59,0.4,0.37,2022-03-26,2034,1,VIIRS,n,2.0NRT,294,1.1,N
26.64448,79.4803,301.52,0.42,0.37,2022-03-26,2034,1,VIIRS,n,2.0NRT,290.7,1.24,N
28.79515,77.15192,307.81,0.39,0.36,2022-03-26,2034,1,VIIRS,n,2.0NRT,292.57,0.84,N
26.64108,79.47958,308.81,0.42,0.37,2022-03-26,2034,1,VIIRS,n,2.0NRT,291.12,1.12,N
28.34074,77.25583,318.59,0.39,0.36,2022-03-26,2034,1,VIIRS,n,2.0NRT,289.9,1.38,N
28.72996,77.15635,306.74,0.39,0.36,2022-03-26,2034,1,VIIRS,n,2.0NRT,294.78,0.49,N
26.42102,79.80077,342.58,0.38,0.36,2022-03-27,0748,1,VIIRS,l,2.0NRT,316.16,9.11,D
28.42127,78.27215,341.62,0.39,0.36,2022-03-27,0750,1,VIIRS,n,2.0NRT,314.66,3.83,D
28.75567,79.94651,338.81,0.39,0.36,2022-03-27,0750,1,VIIRS,n,2.0NRT,306.3,2.88,D
28.80485,79.95751,336.6,0.39,0.36,2022-03-27,0750,1,VIIRS,n,2.0NRT,306.84,3.02,D
28.80799,79.95719,331.75,0.39,0.36,2022-03-27,0750,1,VIIRS,l,2.0NRT,305.04,3.09,D
28.83114,79.95284,330.63,0.39,0.36,2022-03-27,0750,1,VIIRS,l,2.0NRT,304.99,1.64,D
28.78758,79.00246,335.15,0.38,0.36,2022-03-27,0750,1,VIIRS,l,2.0NRT,308.16,4.99,D
28.94373,79.65613,333.82,0.39,0.36,2022-03-27,0750,1,VIIRS,l,2.0NRT,306.05,3.83,D
28.94315,79.6522,336.15,0.39,0.36,2022-03-27,0750,1,VIIRS,l,2.0NRT,307.15,3.83,D
28.96021,79.65297,337.04,0.39,0.36,2022-03-27,0750,1,VIIRS,l,2.0NRT,308.75,5.32,D
28.96581,79.59943,339.79,0.39,0.36,2022-03-27,0750,1,VIIRS,n,2.0NRT,313.9,4.15,D
29.03182,79.79329,334.18,0.39,0.36,2022-03-27,0750,1,VIIRS,l,2.0NRT,307.7,2.72,D
29.07375,79.59499,331.22,0.39,0.36,2022-03-27,0750,1,VIIRS,l,2.0NRT,303.44,2.97,D
29.10332,79.47272,337.93,0.39,0.36,2022-03-27,0750,1,VIIRS,l,2.0NRT,309.24,3.27,D
28.89504,78.08274,341.5,0.39,0.36,2022-03-27,0750,1,VIIRS,n,2.0NRT,312.36,4.76,D
28.76237,77.02069,335.38,0.41,0.37,2022-03-27,0750,1,VIIRS,n,2.0NRT,309.34,2.15,D
29.20539,79.42889,339.11,0.38,0.36,2022-03-27,0750,1,VIIRS,n,2.0NRT,307.45,2.06,D
29.26465,79.25638,337.43,0.38,0.36,2022-03-27,0750,1,VIIRS,l,2.0NRT,308.97,4.16,D
29.31386,79.08926,336.8,0.38,0.36,2022-03-27,0750,1,VIIRS,l,2.0NRT,310.89,3.17,D
29.29267,78.92794,336.21,0.38,0.36,2022-03-27,0750,1,VIIRS,n,2.0NRT,307.8,3.05,D
29.34125,79.18076,330.72,0.38,0.36,2022-03-27,0750,1,VIIRS,l,2.0NRT,305.51,2.88,D
29.39606,79.25023,335.08,0.38,0.36,2022-03-27,0750,1,VIIRS,n,2.0NRT,304.37,2.02,D
29.15166,77.33122,335.62,0.4,0.37,2022-03-27,0750,1,VIIRS,n,2.0NRT,308.57,3.01,D
29.47794,78.58352,348.38,0.38,0.36,2022-03-27,0750,1,VIIRS,n,2.0NRT,309.22,5.83,D
29.69098,79.38358,337.95,0.39,0.36,2022-03-27,0750,1,VIIRS,n,2.0NRT,308.35,3.44,D
29.69427,79.38293,334.91,0.39,0.36,2022-03-27,0750,1,VIIRS,n,2.0NRT,308.52,2.65,D
29.75464,79.72191,340.03,0.39,0.36,2022-03-27,0750,1,VIIRS,n,2.0NRT,304.15,11.16,D
29.75405,79.71781,344.58,0.39,0.36,2022-03-27,0750,1,VIIRS,n,2.0NRT,309.47,11.16,D
29.75,79.68999,339.46,0.39,0.36,2022-03-27,0750,1,VIIRS,n,2.0NRT,308.14,4.51,D
29.75794,79.72127,330.96,0.39,0.36,2022-03-27,0750,1,VIIRS,l,2.0NRT,302.44,1.7,D
29.75329,79.68932,338.41,0.39,0.36,2022-03-27,0750,1,VIIRS,n,2.0NRT,307.07,3.48,D
29.75271,79.68533,332.68,0.39,0.36,2022-03-27,0750,1,VIIRS,n,2.0NRT,304.65,3.48,D
29.75658,79.6886,339.4,0.39,0.36,2022-03-27,0750,1,VIIRS,n,2.0NRT,302.99,3.48,D
29.75601,79.68462,341.42,0.39,0.36,2022-03-27,0750,1,VIIRS,n,2.0NRT,304.6,3.48,D
29.75987,79.68787,336.85,0.39,0.36,2022-03-27,0750,1,VIIRS,n,2.0NRT,301.66,4.36,D
29.75929,79.68391,334.83,0.39,0.36,2022-03-27,0750,1,VIIRS,n,2.0NRT,303.43,4.36,D
29.76316,79.68716,340.06,0.39,0.36,2022-03-27,0750,1,VIIRS,n,2.0NRT,301.96,4.36,D
29.50116,77.97552,347.13,0.39,0.36,2022-03-27,0750,1,VIIRS,n,2.0NRT,315.74,5.91,D
29.76588,79.68252,330.38,0.39,0.36,2022-03-27,0750,1,VIIRS,l,2.0NRT,303,3.41,D
29.75218,79.5427,335.72,0.39,0.36,2022-03-27,0750,1,VIIRS,n,2.0NRT,306.63,3.7,D
29.80318,79.79904,330.2,0.39,0.36,2022-03-27,0750,1,VIIRS,n,2.0NRT,305.14,1.14,D
29.75283,79.36398,339.53,0.39,0.36,2022-03-27,0750,1,VIIRS,n,2.0NRT,309.2,5.89,D
29.75999,79.36661,336.17,0.39,0.36,2022-03-27,0750,1,VIIRS,l,2.0NRT,306.37,3.31,D
29.74824,79.28771,339.36,0.38,0.36,2022-03-27,0750,1,VIIRS,n,2.0NRT,306.2,2.71,D
29.75194,79.22204,333.37,0.38,0.36,2022-03-27,0750,1,VIIRS,l,2.0NRT,306.28,3.52,D
29.50963,77.46306,334.42,0.4,0.37,2022-03-27,0750,1,VIIRS,l,2.0NRT,309.02,1.86,D
29.8167,79.35892,340.43,0.39,0.36,2022-03-27,0750,1,VIIRS,n,2.0NRT,304.23,4.92,D
29.63356,78.05844,338.51,0.39,0.36,2022-03-27,0750,1,VIIRS,l,2.0NRT,312.13,4.12,D
29.42638,76.75885,333.87,0.41,0.37,2022-03-27,0750,1,VIIRS,n,2.0NRT,308.73,2.14,D
29.87604,79.3028,331.43,0.39,0.36,2022-03-27,0750,1,VIIRS,l,2.0NRT,303.83,2.29,D
29.89868,79.43246,330.45,0.39,0.36,2022-03-27,0750,1,VIIRS,l,2.0NRT,303.73,2.23,D
29.82079,78.80261,330.9,0.38,0.36,2022-03-27,0750,1,VIIRS,l,2.0NRT,305.36,2.65,D
29.98985,79.63585,332.48,0.39,0.36,2022-03-27,0750,1,VIIRS,l,2.0NRT,302.66,1.7,D
29.7852,77.96171,333.86,0.39,0.36,2022-03-27,0750,1,VIIRS,n,2.0NRT,307.18,1.58,D
29.7572,77.55788,339.2,0.39,0.37,2022-03-27,0750,1,VIIRS,n,2.0NRT,307.03,3.39,D
29.89968,77.11967,333.84,0.4,0.37,2022-03-27,0750,1,VIIRS,n,2.0NRT,306.06,2.16,D
29.91934,77.19614,332.86,0.4,0.37,2022-03-27,0750,1,VIIRS,l,2.0NRT,305.55,3.39,D
27.36054,76.48559,352.71,0.44,0.39,2022-03-27,0750,1,VIIRS,n,2.0NRT,319.33,13.49,D
28.20147,79.87238,348.42,0.39,0.36,2022-03-27,0750,1,VIIRS,n,2.0NRT,312.21,5.39,D
28.37749,79.98397,335.56,0.39,0.36,2022-03-27,0750,1,VIIRS,n,2.0NRT,309.53,2.89,D
28.37692,79.98006,339.78,0.39,0.36,2022-03-27,0750,1,VIIRS,n,2.0NRT,309.74,2.81,D
28.42002,79.99615,339.04,0.39,0.36,2022-03-27,0750,1,VIIRS,n,2.0NRT,308.41,3.08,D
28.64848,79.93372,343.57,0.39,0.36,2022-03-27,0750,1,VIIRS,n,2.0NRT,306.58,3.26,D
28.6479,79.92979,334.76,0.39,0.36,2022-03-27,0750,1,VIIRS,l,2.0NRT,307.53,2.17,D
28.49449,79.99825,302.85,0.42,0.38,2022-03-27,2014,1,VIIRS,n,2.0NRT,291.83,0.54,N
29.88807,79.85292,297.85,0.44,0.38,2022-03-27,2014,1,VIIRS,n,2.0NRT,287.41,0.51,N
29.87765,79.29635,298.85,0.46,0.39,2022-03-27,2014,1,VIIRS,n,2.0NRT,288.51,0.76,N
29.8758,79.29798,302.06,0.46,0.39,2022-03-27,2014,1,VIIRS,n,2.0NRT,288.51,0.98,N
29.76553,79.69099,303.69,0.44,0.39,2022-03-27,2014,1,VIIRS,n,2.0NRT,286.51,0.62,N
29.74375,79.77348,308.14,0.44,0.38,2022-03-27,2014,1,VIIRS,n,2.0NRT,288.41,1.21,N
29.71378,79.78271,302.72,0.44,0.38,2022-03-27,2014,1,VIIRS,n,2.0NRT,288.01,0.84,N
29.70859,79.79467,306.99,0.44,0.38,2022-03-27,2014,1,VIIRS,n,2.0NRT,288.66,1.24,N
29.70803,79.79883,312.77,0.44,0.38,2022-03-27,2014,1,VIIRS,n,2.0NRT,289.55,1.24,N
29.70507,79.79417,304.91,0.44,0.38,2022-03-27,2014,1,VIIRS,n,2.0NRT,289.18,1.17,N
29.70446,79.79621,304.32,0.44,0.38,2022-03-27,2014,1,VIIRS,n,2.0NRT,288.52,0.79,N
29.54191,79.8258,297.77,0.44,0.38,2022-03-27,2014,1,VIIRS,n,2.0NRT,287.52,0.69,N
29.46863,79.53883,301.98,0.45,0.39,2022-03-27,2014,1,VIIRS,n,2.0NRT,285.85,0.33,N
29.46518,79.53752,312.48,0.45,0.39,2022-03-27,2014,1,VIIRS,n,2.0NRT,287.96,2.04,N
29.37905,79.02873,304.24,0.47,0.4,2022-03-27,2014,1,VIIRS,n,2.0NRT,291.02,0.74,N
28.87974,79.91892,307.41,0.43,0.38,2022-03-27,2014,1,VIIRS,n,2.0NRT,292.43,1.05,N
29.19244,75.48413,298.41,0.48,0.48,2022-03-27,2014,1,VIIRS,n,2.0NRT,288.12,0.54,N
29.12726,75.77322,310.77,0.46,0.47,2022-03-27,2014,1,VIIRS,n,2.0NRT,294.78,1.79,N
28.84431,77.21513,301.77,0.57,0.43,2022-03-27,2014,1,VIIRS,n,2.0NRT,291.25,0.94,N
27.51664,76.66991,306.77,0.39,0.44,2022-03-27,2014,1,VIIRS,n,2.0NRT,291.13,0.94,N
27.61817,75.1108,307.9,0.48,0.48,2022-03-27,2014,1,VIIRS,n,2.0NRT,290.82,1.4,N
27.36762,76.49004,313.81,0.4,0.44,2022-03-27,2014,1,VIIRS,n,2.0NRT,294.85,1.81,N
27.35859,76.49687,309.97,0.4,0.44,2022-03-27,2014,1,VIIRS,n,2.0NRT,296.35,1.69,N
26.64481,79.48084,314.02,0.42,0.38,2022-03-27,2014,1,VIIRS,n,2.0NRT,292.7,2.1,N
26.72859,75.98817,349.03,0.58,0.52,2022-03-28,0729,1,VIIRS,n,2.0NRT,319.92,14.94,D
26.72925,75.98663,352.96,0.58,0.52,2022-03-28,0729,1,VIIRS,n,2.0NRT,318.5,13.2,D
27.37239,77.69216,343.12,0.44,0.46,2022-03-28,0729,1,VIIRS,n,2.0NRT,314.64,3.31,D
27.35878,76.51161,367,0.52,0.5,2022-03-28,0729,1,VIIRS,h,2.0NRT,319.81,13.47,D
27.35979,76.51646,354.89,0.52,0.5,2022-03-28,0729,1,VIIRS,n,2.0NRT,316.06,18.83,D
27.35766,76.50629,345.53,0.52,0.5,2022-03-28,0729,1,VIIRS,n,2.0NRT,315.6,13.47,D
27.36324,76.51035,343.86,0.52,0.5,2022-03-28,0729,1,VIIRS,n,2.0NRT,312.4,8.55,D
27.3622,76.50536,353.7,0.52,0.5,2022-03-28,0729,1,VIIRS,n,2.0NRT,317.74,8.55,D
27.36557,76.49889,351.39,0.52,0.5,2022-03-28,0729,1,VIIRS,n,2.0NRT,314.37,15.51,D
27.36893,76.49225,338.96,0.52,0.5,2022-03-28,0729,1,VIIRS,l,2.0NRT,312.68,3.54,D
27.36586,76.49623,347.12,0.52,0.5,2022-03-28,0729,1,VIIRS,n,2.0NRT,315.08,11.66,D
27.67887,76.39987,348.58,0.52,0.5,2022-03-28,0729,1,VIIRS,n,2.0NRT,316.58,5.87,D
29.70576,78.29087,336.67,0.56,0.43,2022-03-28,0729,1,VIIRS,l,2.0NRT,307.65,5.23,D
29.75686,78.36485,334.28,0.55,0.43,2022-03-28,0729,1,VIIRS,n,2.0NRT,305.71,3.71,D
27.6796,76.39783,343.71,0.52,0.5,2022-03-28,0729,1,VIIRS,n,2.0NRT,316,8.23,D
28.38885,78.17605,341.85,0.4,0.44,2022-03-28,0729,1,VIIRS,n,2.0NRT,311.01,4.35,D
28.95994,79.21088,343.69,0.52,0.41,2022-03-28,0729,1,VIIRS,n,2.0NRT,306.44,7.51,D
29.15569,79.38174,338.11,0.5,0.41,2022-03-28,0729,1,VIIRS,n,2.0NRT,307.97,4.19,D
29.15305,79.38029,333.82,0.5,0.41,2022-03-28,0729,1,VIIRS,l,2.0NRT,307.08,5.65,D
29.05949,78.02438,338.47,0.39,0.44,2022-03-28,0729,1,VIIRS,n,2.0NRT,306.06,3.61,D
29.36457,79.28463,341.2,0.51,0.41,2022-03-28,0729,1,VIIRS,n,2.0NRT,306.13,7.25,D
29.36547,79.28222,330.49,0.51,0.41,2022-03-28,0729,1,VIIRS,l,2.0NRT,304.53,6.09,D
29.46109,79.54607,334.78,0.49,0.4,2022-03-28,0729,1,VIIRS,n,2.0NRT,300.2,4.92,D
29.45999,79.54012,335.51,0.49,0.4,2022-03-28,0729,1,VIIRS,n,2.0NRT,303.83,4.92,D
29.46479,79.54549,342.28,0.49,0.4,2022-03-28,0729,1,VIIRS,n,2.0NRT,301.61,12.74,D
29.47017,79.53339,337.59,0.49,0.4,2022-03-28,0729,1,VIIRS,n,2.0NRT,304.83,4.97,D
29.47253,79.50484,333.77,0.49,0.4,2022-03-28,0729,1,VIIRS,l,2.0NRT,304.06,5.51,D
29.53885,79.82565,330.08,0.48,0.4,2022-03-28,0729,1,VIIRS,l,2.0NRT,304.68,4.33,D
29.50277,79.62792,332.1,0.49,0.4,2022-03-28,0729,1,VIIRS,n,2.0NRT,301.31,5.84,D
29.54621,79.82491,330.1,0.48,0.4,2022-03-28,0729,1,VIIRS,l,2.0NRT,302.21,2.98,D
29.54534,79.82011,332.65,0.48,0.4,2022-03-28,0729,1,VIIRS,l,2.0NRT,304.76,2.69,D
29.29802,77.99368,337.09,0.39,0.44,2022-03-28,0729,1,VIIRS,n,2.0NRT,306.42,2.75,D
29.76958,79.72469,330.85,0.48,0.4,2022-03-28,0729,1,VIIRS,l,2.0NRT,303.69,3.08,D
29.76675,79.72736,330.57,0.48,0.4,2022-03-28,0729,1,VIIRS,l,2.0NRT,302.42,4.32,D
29.57292,78.01067,334.5,0.39,0.44,2022-03-28,0729,1,VIIRS,l,2.0NRT,308.39,2.43,D
29.82379,79.24248,335.31,0.5,0.41,2022-03-28,0729,1,VIIRS,l,2.0NRT,310.09,4.03,D
26.18828,78.08959,344.49,0.44,0.46,2022-03-28,0731,1,VIIRS,l,2.0NRT,317.59,9.83,D
29.96464,76.46699,332.87,0.46,0.47,2022-03-28,0731,1,VIIRS,l,2.0NRT,305.99,1.85,D
26.55682,78.61521,304.05,0.56,0.51,2022-03-28,1955,1,VIIRS,n,2.0NRT,290.06,1,N
29.95391,79.77277,301.1,0.52,0.5,2022-03-28,1955,1,VIIRS,n,2.0NRT,287.58,1.14,N
29.70227,79.78542,299.91,0.52,0.5,2022-03-28,1955,1,VIIRS,n,2.0NRT,288.66,1.32,N
29.70187,79.78954,299.63,0.52,0.5,2022-03-28,1955,1,VIIRS,n,2.0NRT,288.99,1.02,N
29.54915,79.8284,300.69,0.51,0.49,2022-03-28,1955,1,VIIRS,n,2.0NRT,288.66,1.19,N
29.52555,79.44852,304.04,0.54,0.51,2022-03-28,1955,1,VIIRS,n,2.0NRT,289.32,1.07,N
29.45671,79.54281,301.46,0.53,0.5,2022-03-28,1955,1,VIIRS,n,2.0NRT,289.07,1.36,N
28.8117,76.94086,307.28,0.37,0.58,2022-03-28,1955,1,VIIRS,n,2.0NRT,290.14,0.85,N
28.62177,77.32609,310.64,0.35,0.57,2022-03-28,1955,1,VIIRS,n,2.0NRT,296.04,1.68,N
28.62174,77.32602,311.87,0.35,0.57,2022-03-28,1955,1,VIIRS,n,2.0NRT,295.76,1.58,N
27.34854,76.51487,323.25,0.38,0.59,2022-03-28,1955,1,VIIRS,n,2.0NRT,296.99,1.87,N
27.34886,76.5109,304.06,0.38,0.59,2022-03-28,1955,1,VIIRS,n,2.0NRT,293.37,1.87,N
26.55739,78.6096,301.7,0.56,0.51,2022-03-28,1955,1,VIIRS,n,2.0NRT,289.48,0.96,N
27.8242,79.93619,344.19,0.61,0.53,2022-03-29,0712,1,VIIRS,l,2.0NRT,316.2,10.87,D
27.33841,76.52809,333.96,0.5,0.66,2022-03-29,0712,1,VIIRS,l,2.0NRT,308.83,3.02,D
27.33718,76.52325,335.8,0.5,0.66,2022-03-29,0712,1,VIIRS,l,2.0NRT,310.03,3.02,D
27.57593,75.95915,340.71,0.54,0.68,2022-03-29,0712,1,VIIRS,l,2.0NRT,315.36,6.96,D
28.81957,79.9543,345.29,0.58,0.52,2022-03-29,0712,1,VIIRS,n,2.0NRT,304.52,15.57,D
29.01532,79.82158,341.12,0.59,0.52,2022-03-29,0712,1,VIIRS,n,2.0NRT,304.97,7.59,D
29.01402,79.81573,334.59,0.59,0.53,2022-03-29,0712,1,VIIRS,n,2.0NRT,303.76,4.14,D
29.15191,79.44862,341.35,0.61,0.54,2022-03-29,0712,1,VIIRS,n,2.0NRT,305.16,9.65,D
29.11497,79.0341,332.71,0.32,0.55,2022-03-29,0712,1,VIIRS,l,2.0NRT,306.56,2.43,D
29.44572,79.55019,344.98,0.6,0.53,2022-03-29,0712,1,VIIRS,n,2.0NRT,305.08,8.18,D
29.45083,79.5506,342.92,0.6,0.53,2022-03-29,0712,1,VIIRS,n,2.0NRT,303.39,11.29,D
29.41181,79.28328,333.4,0.62,0.54,2022-03-29,0712,1,VIIRS,n,2.0NRT,302.22,5.43,D
29.44975,79.54874,345.22,0.6,0.53,2022-03-29,0712,1,VIIRS,n,2.0NRT,304.55,10.39,D
29.41383,79.2813,332.57,0.62,0.54,2022-03-29,0712,1,VIIRS,n,2.0NRT,301.78,4.32,D
29.41859,78.93922,367,0.32,0.55,2022-03-29,0712,1,VIIRS,h,2.0NRT,308.5,10.31,D
29.39594,78.77017,345.13,0.33,0.55,2022-03-29,0712,1,VIIRS,n,2.0NRT,309.33,3.66,D
29.39491,78.76858,343.18,0.33,0.55,2022-03-29,0712,1,VIIRS,n,2.0NRT,307.7,2.39,D
29.56835,78.01231,337.86,0.36,0.58,2022-03-29,0712,1,VIIRS,l,2.0NRT,310.22,2.98,D
29.6799,78.15907,340.22,0.35,0.57,2022-03-29,0712,1,VIIRS,n,2.0NRT,308.02,2.65,D
26.68086,78.98949,338.58,0.76,0.77,2022-03-29,0852,1,VIIRS,n,2.0NRT,307.63,3.66,D
26.72767,75.98788,343.42,0.5,0.65,2022-03-29,0852,1,VIIRS,n,2.0NRT,315.96,2.57,D
27.05473,76.43373,347.73,0.53,0.67,2022-03-29,0852,1,VIIRS,n,2.0NRT,316.2,7.67,D
29.41614,78.94643,333.16,0.79,0.78,2022-03-29,0852,1,VIIRS,n,2.0NRT,303.59,3.98,D
29.41785,78.9481,336.33,0.79,0.78,2022-03-29,0852,1,VIIRS,n,2.0NRT,302.94,5.84,D
29.67815,79.92101,299,0.49,0.65,2022-03-29,1936,1,VIIRS,n,2.0NRT,288.36,0.7,N
29.4498,79.50349,309.3,0.52,0.67,2022-03-29,1936,1,VIIRS,n,2.0NRT,288.75,1.82,N
28.84736,77.2139,299.57,0.7,0.75,2022-03-29,1936,1,VIIRS,n,2.0NRT,289.56,0.87,N
29.45078,79.50818,299.6,0.49,0.65,2022-03-29,2116,1,VIIRS,n,2.0NRT,289.08,0.94,N
29.4466,79.50017,301.63,0.49,0.65,2022-03-29,2116,1,VIIRS,n,2.0NRT,289.45,0.94,N
29.44574,79.50348,309.94,0.49,0.65,2022-03-29,2116,1,VIIRS,n,2.0NRT,289.75,0.94,N
26.14746,78.14935,304.78,0.49,0.65,2022-03-29,2118,1,VIIRS,n,2.0NRT,290.8,0.8,N
29.41892,79.51527,338.89,0.57,0.69,2022-03-30,0654,1,VIIRS,n,2.0NRT,298.28,7.16,D
29.41585,79.51469,332.42,0.57,0.69,2022-03-30,0654,1,VIIRS,n,2.0NRT,297.45,5.54,D
29.48465,79.49763,337.54,0.57,0.69,2022-03-30,0654,1,VIIRS,n,2.0NRT,298.59,5.15,D
29.48967,79.49143,331.03,0.57,0.69,2022-03-30,0654,1,VIIRS,n,2.0NRT,298.37,5.15,D
29.60806,77.68803,330.72,0.72,0.75,2022-03-30,0654,1,VIIRS,l,2.0NRT,305.49,4.45,D
26.14713,78.15308,367,0.34,0.56,2022-03-30,0833,1,VIIRS,h,2.0NRT,321.96,19.02,D
27.66564,75.74067,354.48,0.5,0.49,2022-03-30,0835,1,VIIRS,n,2.0NRT,319.69,10.24,D
29.46614,79.51957,338.36,0.44,0.63,2022-03-30,0835,1,VIIRS,n,2.0NRT,301.52,4.95,D
29.46589,79.51565,333.12,0.44,0.63,2022-03-30,0835,1,VIIRS,n,2.0NRT,302.42,4.95,D
29.52574,79.71247,335.71,0.46,0.63,2022-03-30,0835,1,VIIRS,l,2.0NRT,307.18,3.28,D
29.68871,79.80316,330.5,0.47,0.64,2022-03-30,0835,1,VIIRS,l,2.0NRT,302.01,6.48,D
29.70243,79.92848,331.19,0.47,0.64,2022-03-30,0835,1,VIIRS,n,2.0NRT,305.55,4.29,D
29.59383,78.04024,345.85,0.36,0.57,2022-03-30,0835,1,VIIRS,n,2.0NRT,311.13,4.66,D
29.75891,78.39218,331.95,0.38,0.59,2022-03-30,0835,1,VIIRS,n,2.0NRT,305.45,2.05,D
29.73916,77.52692,347.64,0.34,0.56,2022-03-30,0835,1,VIIRS,n,2.0NRT,310.5,2.83,D
29.97118,77.52032,317.96,0.39,0.44,2022-03-30,2057,1,VIIRS,n,2.0NRT,290.08,1.56,N
29.47704,76.85651,316.66,0.55,0.43,2022-03-30,2057,1,VIIRS,n,2.0NRT,291.75,1.41,N
28.79303,77.14886,305.38,0.39,0.44,2022-03-30,2057,1,VIIRS,n,2.0NRT,291.55,0.51,N
28.7879,77.04955,308.65,0.38,0.44,2022-03-30,2057,1,VIIRS,n,2.0NRT,295.46,1.81,N
28.12114,76.7985,308,0.38,0.43,2022-03-30,2057,1,VIIRS,n,2.0NRT,295.14,1.86,N
27.23149,79.38779,340.97,0.42,0.45,2022-03-31,0813,1,VIIRS,l,2.0NRT,313.56,5.12,D
27.69713,79.92379,342.98,0.46,0.47,2022-03-31,0813,1,VIIRS,n,2.0NRT,310,4.66,D
28.58649,78.1929,338.06,0.56,0.43,2022-03-31,0813,1,VIIRS,l,2.0NRT,308.63,9.21,D
28.82538,79.53994,334.59,0.45,0.47,2022-03-31,0813,1,VIIRS,l,2.0NRT,307.82,2.59,D
29.00805,79.57481,337.07,0.45,0.47,2022-03-31,0813,1,VIIRS,n,2.0NRT,303.62,2.91,D
29.27742,79.19557,332.88,0.44,0.46,2022-03-31,0813,1,VIIRS,l,2.0NRT,303.96,2,D
29.21896,78.11986,333.19,0.57,0.43,2022-03-31,0813,1,VIIRS,l,2.0NRT,307.99,4.95,D
29.25756,78.0825,335.55,0.57,0.43,2022-03-31,0813,1,VIIRS,n,2.0NRT,307.91,3.06,D
29.48372,79.48537,345.52,0.46,0.47,2022-03-31,0813,1,VIIRS,n,2.0NRT,305.71,5.48,D
29.48342,79.48232,337.95,0.46,0.47,2022-03-31,0813,1,VIIRS,n,2.0NRT,304.72,5.48,D
29.22358,77.14716,334.54,0.51,0.41,2022-03-31,0813,1,VIIRS,l,2.0NRT,307.63,3.21,D
29.22224,77.07346,341.57,0.5,0.41,2022-03-31,0813,1,VIIRS,n,2.0NRT,310.17,4.23,D
29.22272,77.07031,335.44,0.5,0.41,2022-03-31,0813,1,VIIRS,n,2.0NRT,309.36,3.33,D
29.63733,79.67378,330.38,0.47,0.48,2022-03-31,0813,1,VIIRS,n,2.0NRT,303.14,2.15,D
29.20399,75.71171,344.47,0.44,0.38,2022-03-31,0813,1,VIIRS,n,2.0NRT,307.16,11.89,D
29.2075,75.71112,348.36,0.44,0.38,2022-03-31,0813,1,VIIRS,n,2.0NRT,308.47,15.59,D
29.73863,79.79671,335.58,0.48,0.48,2022-03-31,0813,1,VIIRS,l,2.0NRT,306.16,5.39,D
29.73807,79.79482,331.03,0.48,0.48,2022-03-31,0813,1,VIIRS,l,2.0NRT,305.76,7.34,D
29.71965,79.42323,342.57,0.45,0.47,2022-03-31,0813,1,VIIRS,n,2.0NRT,308.29,16.12,D
29.78727,79.70467,334.53,0.47,0.48,2022-03-31,0813,1,VIIRS,n,2.0NRT,300.95,2.87,D
29.72758,78.45915,332.65,0.4,0.44,2022-03-31,0813,1,VIIRS,l,2.0NRT,304.34,1.22,D
29.7382,78.36584,338.9,0.4,0.44,2022-03-31,0813,1,VIIRS,n,2.0NRT,302.36,2.36,D
29.73776,78.36176,332.38,0.4,0.44,2022-03-31,0813,1,VIIRS,n,2.0NRT,302.84,3.36,D
29.89987,79.76358,335.68,0.48,0.48,2022-03-31,0813,1,VIIRS,n,2.0NRT,304.95,3.89,D
29.89939,79.75867,333.15,0.48,0.48,2022-03-31,0813,1,VIIRS,n,2.0NRT,306.76,3.89,D
29.89291,79.26255,341.21,0.45,0.47,2022-03-31,0813,1,VIIRS,n,2.0NRT,308.48,6.68,D
29.95722,79.75563,336.69,0.48,0.48,2022-03-31,0813,1,VIIRS,l,2.0NRT,310.89,4.05,D
29.89593,79.2636,339.25,0.45,0.47,2022-03-31,0813,1,VIIRS,n,2.0NRT,307.19,5.15,D
29.95703,79.75803,334.69,0.48,0.48,2022-03-31,0813,1,VIIRS,l,2.0NRT,309.56,6.46,D
29.91794,79.31055,340.77,0.45,0.47,2022-03-31,0813,1,VIIRS,n,2.0NRT,302.94,4.32,D
29.97358,79.74413,338.93,0.48,0.48,2022-03-31,0813,1,VIIRS,n,2.0NRT,308.39,3.6,D
29.99269,79.71122,332.04,0.48,0.48,2022-03-31,0813,1,VIIRS,n,2.0NRT,302.79,2.36,D
29.9718,79.65272,300.28,0.44,0.38,2022-03-31,2040,1,VIIRS,n,2.0NRT,288.52,0.65,N
29.95959,79.05653,296.25,0.42,0.38,2022-03-31,2040,1,VIIRS,n,2.0NRT,285.61,0.25,N
29.9354,79.19118,300.96,0.43,0.38,2022-03-31,2040,1,VIIRS,n,2.0NRT,290.84,0.75,N
29.93264,79.19219,302.39,0.43,0.38,2022-03-31,2040,1,VIIRS,n,2.0NRT,290.44,1.32,N
29.92962,79.2093,298.47,0.43,0.38,2022-03-31,2040,1,VIIRS,n,2.0NRT,288.4,0.73,N
29.79086,79.92309,299.4,0.45,0.39,2022-03-31,2040,1,VIIRS,n,2.0NRT,288.92,0.69,N
29.83995,79.15196,307.19,0.43,0.38,2022-03-31,2040,1,VIIRS,n,2.0NRT,288.68,0.97,N
29.8357,79.15575,303.16,0.43,0.38,2022-03-31,2040,1,VIIRS,n,2.0NRT,287.85,0.83,N
29.83492,79.16008,309.02,0.43,0.38,2022-03-31,2040,1,VIIRS,n,2.0NRT,289.41,0.83,N
29.70313,79.86019,301.11,0.45,0.39,2022-03-31,2040,1,VIIRS,n,2.0NRT,290.63,1.17,N
29.55627,79.82632,300.69,0.45,0.39,2022-03-31,2040,1,VIIRS,n,2.0NRT,286.27,0.59,N
29.48033,79.4827,300.45,0.44,0.38,2022-03-31,2040,1,VIIRS,n,2.0NRT,289.16,0.68,N
29.37662,79.94627,301.67,0.46,0.39,2022-03-31,2040,1,VIIRS,n,2.0NRT,285.83,0.71,N
29.37577,79.95081,314.94,0.46,0.39,2022-03-31,2040,1,VIIRS,n,2.0NRT,287.45,1.62,N
29.33743,79.92526,316.41,0.46,0.39,2022-03-31,2040,1,VIIRS,n,2.0NRT,288.39,2.01,N
29.4154,79.47614,301.84,0.44,0.38,2022-03-31,2040,1,VIIRS,n,2.0NRT,288.11,1.03,N
29.40968,79.50788,301.84,0.44,0.39,2022-03-31,2040,1,VIIRS,n,2.0NRT,289.08,0.94,N
29.12453,75.77879,317.17,0.39,0.36,2022-03-31,2040,1,VIIRS,n,2.0NRT,296.66,2,N
28.8634,77.14528,309.37,0.39,0.36,2022-03-31,2040,1,VIIRS,n,2.0NRT,294.09,0.98,N
28.84515,77.21492,306.67,0.39,0.36,2022-03-31,2040,1,VIIRS,n,2.0NRT,293.6,1.17,N
28.62401,77.47637,307.01,0.39,0.36,2022-03-31,2040,1,VIIRS,n,2.0NRT,296.62,1.06,N
28.61868,76.44513,319.43,0.38,0.36,2022-03-31,2040,1,VIIRS,n,2.0NRT,295.09,1.79,N
28.61539,76.44446,306.11,0.38,0.36,2022-03-31,2040,1,VIIRS,n,2.0NRT,294.68,1.06,N
27.66816,76.12855,313.63,0.38,0.36,2022-03-31,2040,1,VIIRS,n,2.0NRT,298.14,2.01,N
26.82514,79.41061,341.87,0.4,0.37,2022-04-01,0756,1,VIIRS,n,2.0NRT,314.55,3.88,D
27.57511,75.84667,347.64,0.41,0.37,2022-04-01,0756,1,VIIRS,n,2.0NRT,321.28,7.13,D
28.49686,79.48856,334.81,0.4,0.37,2022-04-01,0756,1,VIIRS,n,2.0NRT,307.18,1.67,D
29.11059,79.47625,336.75,0.41,0.37,2022-04-01,0756,1,VIIRS,l,2.0NRT,310.95,5.09,D
28.857,76.68186,342.52,0.39,0.36,2022-04-01,0756,1,VIIRS,n,2.0NRT,314.41,5.04,D
29.3786,79.93671,338.4,0.42,0.38,2022-04-01,0756,1,VIIRS,n,2.0NRT,309.44,2.73,D
29.40468,79.50475,336.94,0.41,0.37,2022-04-01,0756,1,VIIRS,n,2.0NRT,307.23,2.44,D
29.20484,78.06406,346,0.39,0.36,2022-04-01,0756,1,VIIRS,n,2.0NRT,312.53,4.62,D
29.55039,79.83221,350.02,0.42,0.38,2022-04-01,0756,1,VIIRS,n,2.0NRT,310.79,6.19,D
29.55377,79.8313,343.52,0.42,0.38,2022-04-01,0756,1,VIIRS,n,2.0NRT,307.36,6.19,D
29.29877,78.03387,347.33,0.39,0.36,2022-04-01,0756,1,VIIRS,n,2.0NRT,314.29,5.91,D
29.553,79.83238,347.25,0.42,0.38,2022-04-01,0756,1,VIIRS,n,2.0NRT,308.06,4.45,D
29.70285,79.93423,336.35,0.43,0.38,2022-04-01,0756,1,VIIRS,l,2.0NRT,310.73,2.05,D
29.46759,77.98122,347.74,0.39,0.36,2022-04-01,0756,1,VIIRS,n,2.0NRT,317.27,8.01,D
29.5545,78.45957,341.42,0.39,0.36,2022-04-01,0756,1,VIIRS,n,2.0NRT,311.5,4.36,D
29.70031,79.42048,344.91,0.41,0.37,2022-04-01,0756,1,VIIRS,n,2.0NRT,308.32,3.82,D
29.69973,79.41625,338.92,0.41,0.37,2022-04-01,0756,1,VIIRS,n,2.0NRT,309.83,3.82,D
29.78473,79.70958,334.82,0.42,0.38,2022-04-01,0756,1,VIIRS,n,2.0NRT,304.18,3.9,D
29.69696,78.4627,345.18,0.39,0.36,2022-04-01,0756,1,VIIRS,n,2.0NRT,307.99,7.92,D
29.83491,79.15216,341.71,0.41,0.37,2022-04-01,0756,1,VIIRS,n,2.0NRT,312.24,4.19,D
29.83826,79.15137,338.57,0.41,0.37,2022-04-01,0756,1,VIIRS,n,2.0NRT,310.63,4.19,D
29.96643,79.73251,332.34,0.42,0.38,2022-04-01,0756,1,VIIRS,n,2.0NRT,305.37,3.07,D
29.7813,78.29456,336.35,0.39,0.36,2022-04-01,0756,1,VIIRS,n,2.0NRT,309.64,8.06,D
29.93851,79.19375,349.93,0.41,0.37,2022-04-01,0756,1,VIIRS,n,2.0NRT,309.38,8.14,D
29.90941,78.83492,333.97,0.4,0.37,2022-04-01,0756,1,VIIRS,n,2.0NRT,307.26,1.75,D
29.94454,78.84039,345.74,0.4,0.37,2022-04-01,0756,1,VIIRS,n,2.0NRT,310.08,4.97,D
29.77095,77.64699,337.09,0.38,0.36,2022-04-01,0756,1,VIIRS,n,2.0NRT,311.16,2.54,D
29.80149,77.78333,340.04,0.39,0.36,2022-04-01,0756,1,VIIRS,n,2.0NRT,313.25,4.38,D
29.77019,77.5741,340.31,0.38,0.36,2022-04-01,0756,1,VIIRS,n,2.0NRT,313.31,2.57,D
29.99012,77.3402,336.39,0.38,0.36,2022-04-01,0756,1,VIIRS,n,2.0NRT,310.68,2.88,D
29.92586,76.68127,342.29,0.39,0.36,2022-04-01,0756,1,VIIRS,n,2.0NRT,310.73,2.92,D
29.98839,78.99924,300.4,0.42,0.37,2022-04-01,2019,1,VIIRS,n,2.0NRT,286.68,0.84,N
29.93101,79.35607,302.85,0.41,0.37,2022-04-01,2019,1,VIIRS,n,2.0NRT,289.52,0.74,N
29.93036,79.36059,316.49,0.41,0.37,2022-04-01,2019,1,VIIRS,n,2.0NRT,290.3,2.08,N
29.927,79.35981,309.65,0.41,0.37,2022-04-01,2019,1,VIIRS,n,2.0NRT,290.14,1.31,N
29.86511,79.42982,301.68,0.4,0.37,2022-04-01,2019,1,VIIRS,n,2.0NRT,288.6,0.81,N
29.86453,79.43382,301.84,0.4,0.37,2022-04-01,2019,1,VIIRS,n,2.0NRT,289.06,0.69,N
29.92269,78.82021,312.32,0.42,0.38,2022-04-01,2019,1,VIIRS,n,2.0NRT,288.78,1.66,N
29.78153,79.71223,299.5,0.4,0.37,2022-04-01,2019,1,VIIRS,n,2.0NRT,287.79,0.52,N
29.7161,79.87814,301.91,0.4,0.37,2022-04-01,2019,1,VIIRS,n,2.0NRT,289.25,0.53,N
29.71553,79.88208,303.25,0.4,0.37,2022-04-01,2019,1,VIIRS,n,2.0NRT,288.68,0.53,N
29.71219,79.88149,303.36,0.4,0.37,2022-04-01,2019,1,VIIRS,n,2.0NRT,290.02,0.53,N
29.72964,79.71489,299.5,0.4,0.37,2022-04-01,2019,1,VIIRS,n,2.0NRT,287.87,0.66,N
29.8392,78.91534,305.52,0.42,0.37,2022-04-01,2019,1,VIIRS,n,2.0NRT,288.77,0.84,N
29.83856,78.92004,302.11,0.42,0.37,2022-04-01,2019,1,VIIRS,n,2.0NRT,289.37,1.03,N
29.72631,79.7142,301.93,0.4,0.37,2022-04-01,2019,1,VIIRS,n,2.0NRT,288.25,1.11,N
29.75742,79.44933,299.78,0.4,0.37,2022-04-01,2019,1,VIIRS,n,2.0NRT,289.29,1.09,N
29.69673,79.59574,304.82,0.4,0.37,2022-04-01,2019,1,VIIRS,n,2.0NRT,288.34,0.97,N
29.69615,79.59978,312.05,0.4,0.37,2022-04-01,2019,1,VIIRS,n,2.0NRT,288.94,1.47,N
29.66906,79.2577,311.76,0.41,0.37,2022-04-01,2019,1,VIIRS,n,2.0NRT,289.16,1.28,N
29.55352,79.80934,301.28,0.4,0.37,2022-04-01,2019,1,VIIRS,n,2.0NRT,288.9,1.18,N
29.54937,79.83753,300.7,0.4,0.37,2022-04-01,2019,1,VIIRS,n,2.0NRT,289.5,1.13,N
29.55021,79.80855,307.09,0.4,0.37,2022-04-01,2019,1,VIIRS,n,2.0NRT,289.78,1.02,N
29.58677,79.24525,305.18,0.41,0.37,2022-04-01,2019,1,VIIRS,n,2.0NRT,290.35,0.85,N
29.52257,79.66916,298.81,0.4,0.37,2022-04-01,2019,1,VIIRS,n,2.0NRT,287.54,0.79,N
29.45055,79.95512,302.2,0.39,0.36,2022-04-01,2019,1,VIIRS,n,2.0NRT,290.95,0.79,N
29.29899,79.43947,307.67,0.4,0.37,2022-04-01,2019,1,VIIRS,n,2.0NRT,295.58,1.02,N
29.3509,78.95683,304.22,0.41,0.37,2022-04-01,2019,1,VIIRS,n,2.0NRT,292.09,0.92,N
29.0707,79.90413,316.45,0.39,0.36,2022-04-01,2019,1,VIIRS,n,2.0NRT,297.33,2.05,N
28.94066,79.52181,307.92,0.4,0.37,2022-04-01,2019,1,VIIRS,n,2.0NRT,290.46,0.32,N
29.12406,75.77782,305.05,0.56,0.43,2022-04-01,2019,1,VIIRS,n,2.0NRT,293.21,1.97,N
28.79331,77.15109,308.21,0.48,0.4,2022-04-01,2019,1,VIIRS,n,2.0NRT,291.75,0.74,N
28.1198,76.80099,305.78,0.48,0.4,2022-04-01,2019,1,VIIRS,n,2.0NRT,293.22,1.3,N
27.06167,78.426,304.2,0.41,0.37,2022-04-01,2021,1,VIIRS,n,2.0NRT,289.96,1.03,N
26.64494,79.47865,327.18,0.39,0.36,2022-04-01,2021,1,VIIRS,n,2.0NRT,291.13,1.81,N
26.64435,79.48252,328.15,0.39,0.36,2022-04-01,2021,1,VIIRS,n,2.0NRT,294.75,1.81,N
26.64163,79.47802,302.28,0.39,0.36,2022-04-01,2021,1,VIIRS,n,2.0NRT,291.7,1.81,N
26.8385,76.15549,313.85,0.5,0.41,2022-04-01,2021,1,VIIRS,n,2.0NRT,289.99,1.12,N
26.83807,76.15376,318.33,0.5,0.41,2022-04-01,2021,1,VIIRS,n,2.0NRT,290.71,2.44,N
27.4963,76.24202,338.44,0.43,0.46,2022-04-02,0735,1,VIIRS,n,2.0NRT,312.92,2.03,D
27.50045,76.24107,341.83,0.43,0.46,2022-04-02,0735,1,VIIRS,n,2.0NRT,313.52,3.86,D
28.36694,79.97879,344.24,0.42,0.38,2022-04-02,0735,1,VIIRS,n,2.0NRT,309.62,4.9,D
28.49529,79.92522,339.88,0.42,0.38,2022-04-02,0735,1,VIIRS,n,2.0NRT,312.76,3.6,D
28.51836,79.69411,336.95,0.43,0.38,2022-04-02,0735,1,VIIRS,n,2.0NRT,310.13,2.83,D
28.98102,79.81904,334.21,0.42,0.38,2022-04-02,0735,1,VIIRS,l,2.0NRT,306.29,0.84,D
28.991,79.79473,342.34,0.42,0.38,2022-04-02,0735,1,VIIRS,n,2.0NRT,315.65,5.89,D
29.00317,79.41038,336.2,0.43,0.38,2022-04-02,0735,1,VIIRS,l,2.0NRT,310.46,3.25,D
29.0798,79.47099,334.08,0.43,0.38,2022-04-02,0735,1,VIIRS,l,2.0NRT,308.93,3.33,D
29.09932,79.48022,336.85,0.43,0.38,2022-04-02,0735,1,VIIRS,l,2.0NRT,310.34,3.18,D
29.10018,79.44373,343.18,0.43,0.38,2022-04-02,0735,1,VIIRS,n,2.0NRT,316.18,3.79,D
28.87138,78.01285,343.23,0.5,0.41,2022-04-02,0735,1,VIIRS,n,2.0NRT,310.56,5,D
28.87307,78.01017,339.3,0.5,0.41,2022-04-02,0735,1,VIIRS,n,2.0NRT,313.32,3.64,D
29.07868,77.48358,336.45,0.52,0.42,2022-04-02,0737,1,VIIRS,l,2.0NRT,311.34,15.15,D
29.51841,79.45786,339.2,0.43,0.38,2022-04-02,0737,1,VIIRS,n,2.0NRT,306.91,5.87,D
29.23626,77.74097,335.4,0.5,0.41,2022-04-02,0737,1,VIIRS,n,2.0NRT,308.62,0.95,D
29.30657,77.95581,335.32,0.49,0.4,2022-04-02,0737,1,VIIRS,l,2.0NRT,310.18,2.86,D
29.30486,77.95313,338.83,0.49,0.4,2022-04-02,0737,1,VIIRS,n,2.0NRT,311.09,2.88,D
29.69531,79.60299,339.18,0.42,0.38,2022-04-02,0737,1,VIIRS,n,2.0NRT,303.36,5.2,D
29.69386,79.59446,331.69,0.42,0.38,2022-04-02,0737,1,VIIRS,l,2.0NRT,306.02,2.63,D
29.72172,79.71715,338.09,0.42,0.37,2022-04-02,0737,1,VIIRS,n,2.0NRT,303.64,3.57,D
29.72513,79.71655,331.48,0.42,0.37,2022-04-02,0737,1,VIIRS,l,2.0NRT,305.15,3.57,D
29.72523,79.71747,336.9,0.42,0.37,2022-04-02,0737,1,VIIRS,n,2.0NRT,304.84,6.2,D
29.7383,79.6705,340.6,0.42,0.38,2022-04-02,0737,1,VIIRS,n,2.0NRT,301.31,4.27,D
29.69552,79.34184,334.24,0.43,0.38,2022-04-02,0737,1,VIIRS,n,2.0NRT,303.76,1.91,D
29.58626,78.58144,334.76,0.46,0.39,2022-04-02,0737,1,VIIRS,n,2.0NRT,307.95,3.32,D
29.90813,79.75636,354,0.41,0.37,2022-04-02,0737,1,VIIRS,n,2.0NRT,306.35,12.84,D
29.90738,79.75191,330.27,0.41,0.37,2022-04-02,0737,1,VIIRS,l,2.0NRT,304.37,4.12,D
29.91157,79.75589,342.73,0.41,0.37,2022-04-02,0737,1,VIIRS,n,2.0NRT,299.51,3.44,D
29.73014,78.49341,332.47,0.46,0.39,2022-04-02,0737,1,VIIRS,n,2.0NRT,307.35,0.89,D
29.89726,79.32614,335.17,0.43,0.38,2022-04-02,0737,1,VIIRS,n,2.0NRT,303.35,5.56,D
29.92908,79.36553,332.67,0.43,0.38,2022-04-02,0737,1,VIIRS,l,2.0NRT,305.83,6.04,D
29.9917,79.70914,339.37,0.42,0.37,2022-04-02,0737,1,VIIRS,n,2.0NRT,303.94,6.27,D
29.76824,78.37634,334.85,0.46,0.39,2022-04-02,0737,1,VIIRS,l,2.0NRT,309.61,4.09,D
29.77181,78.37549,339.2,0.46,0.39,2022-04-02,0737,1,VIIRS,n,2.0NRT,308.47,2.94,D
29.96202,79.03073,332.95,0.44,0.38,2022-04-02,0737,1,VIIRS,l,2.0NRT,305.22,4.06,D
29.92445,78.8194,334.67,0.44,0.39,2022-04-02,0737,1,VIIRS,l,2.0NRT,307.44,3.01,D
29.9867,79.00341,298.88,0.47,0.47,2022-04-02,2002,1,VIIRS,n,2.0NRT,285.75,0.64,N
29.93056,79.37208,302.26,0.44,0.46,2022-04-02,2002,1,VIIRS,n,2.0NRT,287.75,0.87,N
29.88386,79.80616,298.97,0.42,0.45,2022-04-02,2002,1,VIIRS,n,2.0NRT,287.92,0.9,N
29.84794,79.70832,304.97,0.42,0.45,2022-04-02,2002,1,VIIRS,n,2.0NRT,288.85,0.86,N
29.8446,79.69994,303.94,0.42,0.45,2022-04-02,2002,1,VIIRS,n,2.0NRT,287.37,0.86,N
29.84416,79.70408,303.94,0.42,0.45,2022-04-02,2002,1,VIIRS,n,2.0NRT,288.04,0.86,N
29.8408,79.69584,297.97,0.42,0.45,2022-04-02,2002,1,VIIRS,n,2.0NRT,287.14,0.31,N
29.84037,79.69987,297.72,0.42,0.45,2022-04-02,2002,1,VIIRS,n,2.0NRT,287.14,0.56,N
29.84349,79.69721,304.94,0.42,0.45,2022-04-02,2002,1,VIIRS,n,2.0NRT,287.96,1.07,N
29.84302,79.7014,313.27,0.42,0.45,2022-04-02,2002,1,VIIRS,n,2.0NRT,288.32,2.02,N
29.88856,79.08593,299.71,0.46,0.47,2022-04-02,2002,1,VIIRS,n,2.0NRT,285.08,1.16,N
29.73317,79.89604,300.85,0.41,0.45,2022-04-02,2002,1,VIIRS,n,2.0NRT,289.19,0.43,N
29.86533,78.56863,304.64,0.49,0.49,2022-04-02,2002,1,VIIRS,n,2.0NRT,289.89,1.38,N
29.74468,79.67105,303.78,0.42,0.45,2022-04-02,2002,1,VIIRS,n,2.0NRT,287.34,1.41,N
29.73152,79.75515,310.87,0.42,0.45,2022-04-02,2002,1,VIIRS,n,2.0NRT,289.08,1.64,N
29.73079,79.72244,302.32,0.42,0.45,2022-04-02,2002,1,VIIRS,n,2.0NRT,287.13,0.86,N
29.70572,79.95696,300.93,0.41,0.45,2022-04-02,2002,1,VIIRS,n,2.0NRT,289.27,0.95,N
29.72395,79.74722,313.82,0.42,0.45,2022-04-02,2002,1,VIIRS,n,2.0NRT,287.31,2.62,N
29.72954,79.75732,307.98,0.42,0.45,2022-04-02,2002,1,VIIRS,n,2.0NRT,289.11,1.14,N
29.72897,79.7248,303.04,0.42,0.45,2022-04-02,2002,1,VIIRS,n,2.0NRT,286.52,0.77,N
29.72625,79.74909,318.66,0.42,0.45,2022-04-02,2002,1,VIIRS,n,2.0NRT,288.01,2.94,N
29.75054,79.45389,303.44,0.44,0.46,2022-04-02,2002,1,VIIRS,n,2.0NRT,289.23,0.99,N
29.69968,79.60654,301.81,0.43,0.46,2022-04-02,2002,1,VIIRS,n,2.0NRT,287.63,1.04,N
29.69184,79.60048,305.8,0.43,0.46,2022-04-02,2002,1,VIIRS,n,2.0NRT,287.12,1.37,N
29.68821,79.59465,301.47,0.43,0.46,2022-04-02,2002,1,VIIRS,n,2.0NRT,284.76,0.61,N
29.69045,79.11982,304.98,0.45,0.47,2022-04-02,2002,1,VIIRS,n,2.0NRT,291.02,0.86,N
29.68872,79.11637,301.64,0.45,0.47,2022-04-02,2002,1,VIIRS,n,2.0NRT,290.71,1.09,N
29.55373,79.84369,305.68,0.41,0.45,2022-04-02,2002,1,VIIRS,n,2.0NRT,288.62,1.42,N
29.54971,79.84221,313.34,0.41,0.45,2022-04-02,2002,1,VIIRS,n,2.0NRT,290.45,1.42,N
29.61035,79.11266,305.06,0.45,0.47,2022-04-02,2002,1,VIIRS,n,2.0NRT,292.12,1.19,N
29.58899,79.23544,300.65,0.45,0.47,2022-04-02,2002,1,VIIRS,n,2.0NRT,289.72,0.43,N
29.14561,79.45825,305.44,0.43,0.46,2022-04-02,2002,1,VIIRS,n,2.0NRT,293.04,1,N
29.01168,79.81898,301.2,0.41,0.45,2022-04-02,2002,1,VIIRS,n,2.0NRT,290.6,0.78,N
29.17496,75.77364,303.99,0.36,0.57,2022-04-02,2002,1,VIIRS,n,2.0NRT,290.78,0.56,N
28.84389,77.21758,300.18,0.58,0.52,2022-04-02,2002,1,VIIRS,n,2.0NRT,290.11,0.36,N
28.34168,77.20425,302.2,0.57,0.52,2022-04-02,2002,1,VIIRS,n,2.0NRT,289.7,0.63,N
26.64277,79.47754,304.49,0.4,0.44,2022-04-02,2002,1,VIIRS,n,2.0NRT,291.59,0.64,N
26.34552,79.65146,309.66,0.39,0.44,2022-04-02,2002,1,VIIRS,n,2.0NRT,290.84,0.73,N
27.11401,76.27522,339.39,0.42,0.61,2022-04-03,0718,1,VIIRS,l,2.0NRT,312.88,1.97,D
28.00247,79.8471,338.99,0.49,0.49,2022-04-03,0718,1,VIIRS,n,2.0NRT,311.13,2.92,D
27.29885,76.46568,338.23,0.41,0.6,2022-04-03,0718,1,VIIRS,l,2.0NRT,311.52,2.1,D
29.68925,79.6071,338.44,0.47,0.48,2022-04-03,0718,1,VIIRS,n,2.0NRT,303.31,4.52,D
29.69466,79.61131,330.82,0.47,0.48,2022-04-03,0718,1,VIIRS,l,2.0NRT,304.04,2.59,D
29.72724,79.72482,333.31,0.46,0.47,2022-04-03,0718,1,VIIRS,n,2.0NRT,302.83,3.65,D
29.72223,79.41484,341.07,0.48,0.48,2022-04-03,0718,1,VIIRS,n,2.0NRT,308.94,10.21,D
28.99146,76.16828,367,0.39,0.59,2022-04-03,0718,1,VIIRS,h,2.0NRT,310.91,8.97,D
29.83798,79.70743,331.31,0.46,0.47,2022-04-03,0718,1,VIIRS,n,2.0NRT,300.06,4.02,D
29.83721,79.70374,336.45,0.46,0.47,2022-04-03,0718,1,VIIRS,n,2.0NRT,300.79,4.02,D
29.84309,79.71043,336.11,0.46,0.47,2022-04-03,0718,1,VIIRS,n,2.0NRT,300.07,5.27,D
29.84229,79.7066,337.13,0.46,0.47,2022-04-03,0718,1,VIIRS,n,2.0NRT,300.44,6.12,D
29.72004,77.91821,342.18,0.59,0.53,2022-04-03,0718,1,VIIRS,n,2.0NRT,307.87,6.02,D
29.85166,77.69908,334.73,0.6,0.53,2022-04-03,0718,1,VIIRS,n,2.0NRT,308.07,4.16,D
29.85641,77.69766,343.16,0.6,0.53,2022-04-03,0718,1,VIIRS,n,2.0NRT,308.81,4.16,D
29.85509,77.69733,334.73,0.6,0.53,2022-04-03,0718,1,VIIRS,l,2.0NRT,308.76,5.8,D
29.85985,77.69594,334.02,0.6,0.53,2022-04-03,0718,1,VIIRS,n,2.0NRT,307.24,4.02,D
27.29362,76.46729,335.23,0.68,0.74,2022-04-03,0858,1,VIIRS,l,2.0NRT,309.15,2.45,D
29.98476,79.56629,300.7,0.42,0.61,2022-04-03,1942,1,VIIRS,n,2.0NRT,286.8,0.89,N
29.92941,79.37778,296.97,0.43,0.62,2022-04-03,1942,1,VIIRS,n,2.0NRT,286.85,0.52,N
29.92406,79.3719,299.84,0.43,0.62,2022-04-03,1942,1,VIIRS,n,2.0NRT,286.38,1.64,N
29.92375,79.37665,301.12,0.43,0.62,2022-04-03,1942,1,VIIRS,n,2.0NRT,287.98,1.43,N
29.92739,79.37597,297.33,0.43,0.62,2022-04-03,1942,1,VIIRS,n,2.0NRT,286.8,0.7,N
29.92175,79.37469,312.69,0.43,0.62,2022-04-03,1942,1,VIIRS,n,2.0NRT,288.81,1.91,N
29.84632,79.7126,299.53,0.41,0.6,2022-04-03,1942,1,VIIRS,n,2.0NRT,287.94,1.36,N
29.84098,79.70882,304.75,0.41,0.6,2022-04-03,1942,1,VIIRS,n,2.0NRT,288.65,0.6,N
29.84076,79.71182,299.52,0.41,0.6,2022-04-03,1942,1,VIIRS,n,2.0NRT,288.33,0.6,N
29.83685,79.68804,299.24,0.41,0.61,2022-04-03,1942,1,VIIRS,n,2.0NRT,286.74,0.82,N
29.83625,79.6965,298.82,0.41,0.6,2022-04-03,1942,1,VIIRS,n,2.0NRT,287,0.84,N
29.85492,79.26199,302.01,0.43,0.62,2022-04-03,1942,1,VIIRS,n,2.0NRT,287.27,0.76,N
29.726,79.76126,315.32,0.4,0.6,2022-04-03,1942,1,VIIRS,n,2.0NRT,288.31,1.21,N
29.78173,78.86308,300.68,0.46,0.63,2022-04-03,1942,1,VIIRS,n,2.0NRT,288.07,0.66,N
29.72325,79.72173,300.86,0.41,0.6,2022-04-03,1942,1,VIIRS,n,2.0NRT,287.03,1.01,N
29.67259,79.81232,298.66,0.4,0.6,2022-04-03,1942,1,VIIRS,n,2.0NRT,287.29,0.68,N
29.54753,79.84721,304.46,0.4,0.6,2022-04-03,1942,1,VIIRS,n,2.0NRT,289.37,0.89,N
29.50696,79.63897,299,0.41,0.61,2022-04-03,1942,1,VIIRS,n,2.0NRT,286.71,0.42,N
29.45101,79.94583,305.19,0.39,0.59,2022-04-03,1942,1,VIIRS,n,2.0NRT,289.72,1.25,N
29.47892,76.85394,304.06,0.6,0.71,2022-04-03,1942,1,VIIRS,n,2.0NRT,288.08,1.47,N
29.19632,79.6366,305.45,0.4,0.6,2022-04-03,1942,1,VIIRS,n,2.0NRT,295.11,2.05,N
29.10047,79.95002,307.5,0.39,0.59,2022-04-03,1942,1,VIIRS,n,2.0NRT,295.63,2.02,N
27.29517,76.46409,305.46,0.61,0.71,2022-04-03,1945,1,VIIRS,n,2.0NRT,295.35,2.64,N
27.29623,76.46266,306.12,0.61,0.71,2022-04-03,1945,1,VIIRS,n,2.0NRT,295.58,3.21,N
26.64575,79.47591,306.12,0.39,0.59,2022-04-03,1945,1,VIIRS,n,2.0NRT,289.17,0.87,N
26.64544,79.47986,304.54,0.39,0.59,2022-04-03,1945,1,VIIRS,n,2.0NRT,292.28,0.87,N
26.64458,79.47836,317.51,0.39,0.59,2022-04-03,1945,1,VIIRS,n,2.0NRT,290.88,1.58,N
26.32014,79.77643,300.92,0.37,0.58,2022-04-03,1945,1,VIIRS,n,2.0NRT,288.98,0.74,N
26.31693,79.7772,305.24,0.37,0.58,2022-04-03,1945,1,VIIRS,n,2.0NRT,288.55,0.68,N
26.28065,79.69759,305.27,0.37,0.58,2022-04-03,1945,1,VIIRS,n,2.0NRT,288.61,0.49,N
29.93064,79.37521,300.88,0.58,0.7,2022-04-03,2123,1,VIIRS,n,2.0NRT,286.04,0.66,N
29.73654,79.97745,300.19,0.63,0.72,2022-04-03,2123,1,VIIRS,n,2.0NRT,287.44,1.56,N
29.73525,79.98203,311.15,0.64,0.72,2022-04-03,2123,1,VIIRS,n,2.0NRT,287.94,1.56,N
29.73752,79.97738,298.22,0.64,0.72,2022-04-03,2123,1,VIIRS,n,2.0NRT,287.34,1.66,N
29.73643,79.98136,307.1,0.64,0.72,2022-04-03,2123,1,VIIRS,n,2.0NRT,287.99,3,N
29.73066,79.97701,299.35,0.64,0.72,2022-04-03,2123,1,VIIRS,n,2.0NRT,287.36,1.41,N
29.69631,79.94987,297.76,0.63,0.72,2022-04-03,2123,1,VIIRS,n,2.0NRT,287.04,0.73,N
29.47688,76.85658,303.42,0.42,0.61,2022-04-03,2123,1,VIIRS,n,2.0NRT,289.95,1.14,N
29.47582,76.86079,312.83,0.42,0.61,2022-04-03,2123,1,VIIRS,n,2.0NRT,292.57,1.14,N
26.13679,78.67432,337.52,0.62,0.71,2022-04-04,0659,1,VIIRS,l,2.0NRT,311.47,2.69,D
26.76548,78.50107,340.52,0.61,0.71,2022-04-04,0659,1,VIIRS,n,2.0NRT,309.57,8.53,D
27.48573,77.52138,342.39,0.67,0.74,2022-04-04,0659,1,VIIRS,n,2.0NRT,308.3,4.53,D
28.97478,79.87888,338.33,0.45,0.63,2022-04-04,0701,1,VIIRS,n,2.0NRT,310.08,3.44,D
28.98827,79.81203,332.35,0.45,0.63,2022-04-04,0701,1,VIIRS,l,2.0NRT,305.21,2.26,D
29.00943,79.57761,342.94,0.47,0.64,2022-04-04,0701,1,VIIRS,n,2.0NRT,306.24,4.13,D
29.26233,78.07623,331,0.56,0.69,2022-04-04,0701,1,VIIRS,l,2.0NRT,305.21,2.23,D
29.70041,79.25191,347.58,0.47,0.64,2022-04-04,0701,1,VIIRS,n,2.0NRT,305.04,4.93,D
29.41591,77.86258,338.62,0.57,0.69,2022-04-04,0701,1,VIIRS,n,2.0NRT,308.31,3.89,D
29.41909,77.86065,339.66,0.57,0.69,2022-04-04,0701,1,VIIRS,n,2.0NRT,307.82,3.68,D
29.52165,78.04449,336.25,0.56,0.69,2022-04-04,0701,1,VIIRS,l,2.0NRT,310.14,4.77,D
29.4748,76.85529,330.48,0.65,0.73,2022-04-04,0701,1,VIIRS,l,2.0NRT,302.65,2.58,D
29.92129,77.34549,340.22,0.6,0.7,2022-04-04,0701,1,VIIRS,n,2.0NRT,305.61,5.15,D
26.07944,79.67673,349.47,0.53,0.67,2022-04-04,0837,1,VIIRS,n,2.0NRT,313.35,7.21,D
26.08446,79.67505,367,0.53,0.67,2022-04-04,0837,1,VIIRS,h,2.0NRT,312.84,6.46,D
26.38744,79.66627,367,0.53,0.67,2022-04-04,0839,1,VIIRS,h,2.0NRT,311.28,15.93,D
26.38707,79.66089,354.08,0.53,0.67,2022-04-04,0839,1,VIIRS,n,2.0NRT,313.49,14.23,D
26.75929,78.50061,339.16,0.45,0.63,2022-04-04,0839,1,VIIRS,l,2.0NRT,313.7,7.87,D
26.75859,78.49694,343.46,0.45,0.63,2022-04-04,0839,1,VIIRS,l,2.0NRT,313.58,7.51,D
26.80591,76.89134,341.19,0.36,0.57,2022-04-04,0839,1,VIIRS,l,2.0NRT,313.56,2.02,D
26.88464,77.77593,353.14,0.41,0.6,2022-04-04,0839,1,VIIRS,n,2.0NRT,314.69,6.51,D
26.8112,76.89079,344.85,0.36,0.57,2022-04-04,0839,1,VIIRS,n,2.0NRT,314.36,4.14,D
27.3719,79.25458,346.59,0.51,0.66,2022-04-04,0839,1,VIIRS,n,2.0NRT,308.02,3.45,D
27.40514,76.8396,341.69,0.36,0.57,2022-04-04,0839,1,VIIRS,l,2.0NRT,315.43,7.17,D
27.44781,77.03168,344.35,0.37,0.58,2022-04-04,0839,1,VIIRS,l,2.0NRT,314.55,2.59,D
27.49423,77.46996,367,0.4,0.6,2022-04-04,0839,1,VIIRS,h,2.0NRT,313.79,5.69,D
27.95908,79.75826,345.46,0.55,0.68,2022-04-04,0839,1,VIIRS,n,2.0NRT,306.38,6.4,D
27.89271,76.83372,346.66,0.37,0.58,2022-04-04,0839,1,VIIRS,n,2.0NRT,312.25,2.2,D
27.89085,76.83313,345.88,0.37,0.58,2022-04-04,0839,1,VIIRS,n,2.0NRT,312.38,2.28,D
28.50788,77.50127,334.31,0.41,0.6,2022-04-04,0839,1,VIIRS,l,2.0NRT,309.3,3.4,D
29.00784,79.58171,367,0.55,0.68,2022-04-04,0839,1,VIIRS,h,2.0NRT,304.99,8.29,D
29.0075,79.57599,337.57,0.55,0.68,2022-04-04,0839,1,VIIRS,n,2.0NRT,307.33,8.29,D
29.01072,79.58052,367,0.55,0.68,2022-04-04,0839,1,VIIRS,h,2.0NRT,304.65,10.58,D
29.17723,79.55205,330.93,0.55,0.68,2022-04-04,0839,1,VIIRS,l,2.0NRT,304.32,4.58,D
29.27286,79.0707,331,0.52,0.67,2022-04-04,0839,1,VIIRS,n,2.0NRT,305.46,1.97,D
29.35216,78.95654,338.34,0.51,0.66,2022-04-04,0839,1,VIIRS,n,2.0NRT,307.12,5.53,D
29.1639,75.75944,345.99,0.32,0.55,2022-04-04,0839,1,VIIRS,n,2.0NRT,310.02,3.59,D
29.23259,75.6778,352.14,0.32,0.55,2022-04-04,0839,1,VIIRS,n,2.0NRT,311.09,4.23,D
29.5788,78.53905,336.07,0.48,0.65,2022-04-04,0839,1,VIIRS,n,2.0NRT,307.75,2.49,D
29.6833,79.97839,343.56,0.59,0.7,2022-04-04,0839,1,VIIRS,n,2.0NRT,303.13,9.61,D
29.68287,79.9707,347.63,0.59,0.7,2022-04-04,0839,1,VIIRS,n,2.0NRT,308.39,12.62,D
29.58122,78.53702,334.75,0.48,0.65,2022-04-04,0839,1,VIIRS,n,2.0NRT,308.62,3.72,D
29.47292,76.85998,346.05,0.38,0.59,2022-04-04,0839,1,VIIRS,n,2.0NRT,309.1,3.15,D
29.68329,79.97771,344.78,0.59,0.7,2022-04-04,0839,1,VIIRS,n,2.0NRT,303.54,7.7,D
29.68293,79.97035,345.42,0.59,0.7,2022-04-04,0839,1,VIIRS,n,2.0NRT,307.92,7.7,D
29.73576,79.98227,340.33,0.6,0.7,2022-04-04,0839,1,VIIRS,n,2.0NRT,302.36,6.4,D
29.71963,78.29783,338.47,0.47,0.64,2022-04-04,0839,1,VIIRS,n,2.0NRT,308.13,2.95,D
29.73272,78.31642,333.96,0.47,0.64,2022-04-04,0839,1,VIIRS,n,2.0NRT,308.36,3.29,D
29.88968,78.8692,367,0.51,0.66,2022-04-04,0839,1,VIIRS,h,2.0NRT,303.18,14.21,D
29.91852,79.37185,341.14,0.55,0.68,2022-04-04,0839,1,VIIRS,n,2.0NRT,302.41,9.67,D
29.93697,79.36218,331.44,0.55,0.68,2022-04-04,0839,1,VIIRS,n,2.0NRT,303.12,3.18,D
29.89439,78.54694,332.57,0.49,0.65,2022-04-04,0839,1,VIIRS,n,2.0NRT,304.69,1.65,D
29.9961,79.73196,339.36,0.58,0.7,2022-04-04,0839,1,VIIRS,n,2.0NRT,301.12,5.61,D
29.99727,79.73454,334.44,0.58,0.7,2022-04-04,0839,1,VIIRS,n,2.0NRT,297.68,3.95,D
28.83945,79.77193,301,0.77,0.77,2022-04-04,1923,1,VIIRS,n,2.0NRT,288.72,0.76,N
29.72798,79.76927,300.3,0.78,0.78,2022-04-04,1923,1,VIIRS,n,2.0NRT,288.46,2.09,N
29.89656,79.78382,297.41,0.32,0.55,2022-04-04,2104,1,VIIRS,n,2.0NRT,286.92,0.42,N
29.83517,79.97708,300.36,0.33,0.56,2022-04-04,2104,1,VIIRS,n,2.0NRT,288.73,0.72,N
29.93056,79.38337,304.39,0.61,0.54,2022-04-04,2104,1,VIIRS,n,2.0NRT,287.45,1.1,N
29.9244,79.36565,299.36,0.61,0.53,2022-04-04,2104,1,VIIRS,n,2.0NRT,288.58,1.03,N
29.9195,79.36481,303.8,0.61,0.53,2022-04-04,2104,1,VIIRS,n,2.0NRT,288.38,3.02,N
29.7686,79.99428,301.53,0.34,0.56,2022-04-04,2104,1,VIIRS,n,2.0NRT,286.67,1.29,N
29.76788,79.99736,303.96,0.34,0.56,2022-04-04,2104,1,VIIRS,n,2.0NRT,287.33,1.16,N
29.76329,79.99423,298.3,0.34,0.56,2022-04-04,2104,1,VIIRS,n,2.0NRT,286.9,0.35,N
29.82939,79.6886,322.69,0.32,0.55,2022-04-04,2104,1,VIIRS,n,2.0NRT,287.14,2.09,N
29.82838,79.69293,302.41,0.32,0.55,2022-04-04,2104,1,VIIRS,n,2.0NRT,287.4,1.25,N
29.97811,78.99703,297.48,0.58,0.52,2022-04-04,2104,1,VIIRS,n,2.0NRT,285.81,0.85,N
29.74151,79.97382,299,0.33,0.56,2022-04-04,2104,1,VIIRS,n,2.0NRT,288.78,0.51,N
29.71477,79.90753,300.87,0.33,0.55,2022-04-04,2104,1,VIIRS,n,2.0NRT,288.86,0.8,N
29.80996,79.43964,310.18,0.62,0.54,2022-04-04,2104,1,VIIRS,n,2.0NRT,286.81,2.55,N
29.80891,79.4441,301.84,0.62,0.54,2022-04-04,2104,1,VIIRS,n,2.0NRT,286.31,1.83,N
29.71476,79.9103,303.95,0.33,0.55,2022-04-04,2104,1,VIIRS,n,2.0NRT,289.16,0.75,N
29.81152,79.44338,296.97,0.62,0.54,2022-04-04,2104,1,VIIRS,n,2.0NRT,286.25,1.11,N
29.80755,79.43827,297.52,0.62,0.54,2022-04-04,2104,1,VIIRS,n,2.0NRT,286.11,1.11,N
29.80652,79.44278,297.12,0.62,0.54,2022-04-04,2104,1,VIIRS,n,2.0NRT,286.31,1.11,N
29.67838,79.97556,298.74,0.34,0.56,2022-04-04,2104,1,VIIRS,n,2.0NRT,288.63,0.72,N
29.71865,79.73431,300.81,0.32,0.55,2022-04-04,2104,1,VIIRS,n,2.0NRT,287.11,0.47,N
29.8864,78.87022,301.04,0.57,0.52,2022-04-04,2104,1,VIIRS,n,2.0NRT,288.19,1.61,N
29.75966,78.92083,298.16,0.58,0.52,2022-04-04,2104,1,VIIRS,n,2.0NRT,287,0.76,N
29.7549,78.91985,301.93,0.58,0.52,2022-04-04,2104,1,VIIRS,n,2.0NRT,287.92,0.76,N
29.54225,79.70278,298.71,0.33,0.55,2022-04-04,2104,1,VIIRS,n,2.0NRT,282.62,0.65,N
29.5416,79.70551,298.38,0.33,0.55,2022-04-04,2104,1,VIIRS,n,2.0NRT,283.3,0.65,N
29.54094,79.7083,298.61,0.33,0.55,2022-04-04,2104,1,VIIRS,n,2.0NRT,282.66,0.7,N
29.6529,79.20948,302.09,0.61,0.53,2022-04-04,2104,1,VIIRS,n,2.0NRT,289.6,1.01,N
29.62967,79.24353,303.78,0.61,0.53,2022-04-04,2104,1,VIIRS,n,2.0NRT,288.05,1.01,N
29.65449,79.20829,306,0.61,0.53,2022-04-04,2104,1,VIIRS,n,2.0NRT,290.14,1.73,N
29.54149,79.70465,298.5,0.33,0.55,2022-04-04,2104,1,VIIRS,n,2.0NRT,283.22,1.17,N
29.54086,79.70739,299.79,0.33,0.55,2022-04-04,2104,1,VIIRS,n,2.0NRT,282.92,1.15,N
29.6252,79.2477,302.13,0.61,0.53,2022-04-04,2104,1,VIIRS,n,2.0NRT,289.19,1.58,N
29.34548,79.21503,300.61,0.61,0.54,2022-04-04,2104,1,VIIRS,n,2.0NRT,286.3,1.03,N
29.09864,79.9805,309.71,0.35,0.56,2022-04-04,2104,1,VIIRS,n,2.0NRT,295.41,1.77,N
29.85237,76.52891,296.4,0.42,0.45,2022-04-04,2104,1,VIIRS,n,2.0NRT,285.89,0.35,N
29.45532,76.86945,327.56,0.45,0.47,2022-04-04,2104,1,VIIRS,n,2.0NRT,294.88,3.64,N
28.80271,77.05323,304.92,0.47,0.48,2022-04-04,2104,1,VIIRS,n,2.0NRT,294.51,1.57,N
26.11251,79.22581,303.69,0.36,0.58,2022-04-04,2106,1,VIIRS,n,2.0NRT,290.35,0.39,N
